family,parameter_name,parameter_value,mean_x,mean_k,delta_x,delta_k,delta_p,uncertainty_product,ratio_to_hbar_over_2,C,D,S_balance,pass_fail
gaussian_width_sweep,sigma,0.5,-4.336808689942018e-17,-5.580589596821668e-17,0.5,1.0,1.0,0.5,1.0,1.999999999996,1.0,0.6666666666676666,PASS
gaussian_width_sweep,sigma,0.7875,0.0,-5.580589596821668e-17,0.7875000000000001,0.6349206349206349,0.6349206349206349,0.5,1.0,1.2698412698396573,0.6349206349206349,0.666666666667406,PASS
gaussian_width_sweep,sigma,1.075,8.673617379884035e-17,-5.580589596821668e-17,1.075,0.46511627906976744,0.46511627906976744,0.5,1.0,0.9302325581386696,0.46511627906976744,0.666666666667319,PASS
gaussian_width_sweep,sigma,1.3624999999999998,-8.673617379884035e-17,-2.790294798410834e-17,1.3624999999999996,0.36697247706422026,0.36697247706422026,0.49999999999999994,0.9999999999999999,0.7339449541279018,0.36697247706422026,0.6666666666672957,PASS
gaussian_width_sweep,sigma,1.65,-8.673617379884035e-17,-2.790294798410834e-17,1.6500000000000001,0.30303030303030304,0.30303030303030304,0.5,1.0,0.6060606060602387,0.30303030303030304,0.6666666666673027,PASS
gaussian_width_sweep,sigma,1.9375,-8.673617379884035e-17,0.0,1.9375,0.2580645161290323,0.2580645161290323,0.5000000000000001,1.0000000000000002,0.516129032257798,0.2580645161290323,0.6666666666673267,PASS
gaussian_width_sweep,sigma,2.2249999999999996,-1.734723475976807e-16,-1.395147399205417e-17,2.224999999999999,0.22471910112359555,0.22471910112359555,0.49999999999999994,0.9999999999999999,0.44943820224698916,0.22471910112359555,0.6666666666673609,PASS
gaussian_width_sweep,sigma,2.5124999999999997,-1.734723475976807e-16,-1.395147399205417e-17,2.5124999999999997,0.19900497512437815,0.19900497512437815,0.5,1.0,0.3980099502485978,0.19900497512437815,0.6666666666674019,PASS
gaussian_width_sweep,sigma,2.8,-1.734723475976807e-16,0.0,2.8,0.17857142857142858,0.17857142857142858,0.5,1.0,0.3571428571427296,0.17857142857142858,0.6666666666674477,PASS
gaussian_width_sweep,sigma,3.0875,-3.469446951953614e-16,-1.395147399205417e-17,3.0875,0.1619433198380567,0.1619433198380567,0.5000000000000001,1.0000000000000002,0.32388663967600845,0.1619433198380567,0.6666666666674967,PASS
gaussian_width_sweep,sigma,3.375,0.0,0.0,3.3750000000000004,0.14814814814814817,0.14814814814814817,0.5000000000000001,1.0000000000000002,0.29629629629620846,0.14814814814814817,0.6666666666675485,PASS
gaussian_width_sweep,sigma,3.6624999999999996,0.0,0.0,3.6624999999999996,0.13651877133105803,0.13651877133105803,0.49999999999999994,0.9999999999999999,0.2730375426620415,0.13651877133105803,0.666666666667602,PASS
gaussian_width_sweep,sigma,3.9499999999999997,0.0,0.0,3.9499999999999997,0.1265822784810127,0.1265822784810127,0.5000000000000001,1.0000000000000002,0.2531645569619612,0.1265822784810127,0.6666666666676571,PASS
gaussian_width_sweep,sigma,4.2375,3.469446951953614e-16,0.0,4.2375,0.11799410029498525,0.11799410029498525,0.49999999999999994,0.9999999999999999,0.23598820058991482,0.11799410029498525,0.6666666666677132,PASS
gaussian_width_sweep,sigma,4.5249999999999995,0.0,-1.395147399205417e-17,4.524999999999999,0.1104972375690608,0.1104972375690608,0.49999999999999994,0.9999999999999999,0.22099447513807277,0.1104972375690608,0.6666666666677704,PASS
gaussian_width_sweep,sigma,4.8125,-3.469446951953614e-16,0.0,4.8125,0.10389610389610389,0.10389610389610389,0.49999999999999994,0.9999999999999999,0.20779220779216462,0.10389610389610389,0.6666666666678284,PASS
gaussian_width_sweep,sigma,5.1,-3.469446951953614e-16,0.0,5.1,0.09803921568627451,0.09803921568627451,0.49999999999999994,0.9999999999999999,0.19607843137251058,0.09803921568627451,0.6666666666678871,PASS
gaussian_width_sweep,sigma,5.387499999999999,0.0,-6.975736996027085e-18,5.387499999999999,0.09280742459396753,0.09280742459396753,0.5,1.0,0.1856148491879006,0.09280742459396753,0.6666666666679464,PASS
gaussian_width_sweep,sigma,5.675,0.0,0.0,5.674999999999999,0.0881057268722467,0.0881057268722467,0.49999999999999994,0.9999999999999999,0.17621145374446237,0.0881057268722467,0.666666666668006,PASS
gaussian_width_sweep,sigma,5.9624999999999995,0.0,-1.395147399205417e-17,5.962499999999989,0.08385744234800824,0.08385744234800824,0.49999999999999817,0.9999999999999963,0.16771488469598894,0.08385744234800824,0.6666666666680646,PASS
gaussian_width_sweep,sigma,6.25,-3.469446951953614e-16,-3.4878684980135424e-18,6.249999999999747,0.07999999999999677,0.07999999999999677,0.49999999999995953,0.9999999999999191,0.15999999999998088,0.07999999999999677,0.6666666666680907,PASS
gaussian_width_sweep,sigma,6.5375,-3.469446951953614e-15,-2.0927210988081255e-17,6.5374999999960375,0.0764818355640073,0.0764818355640073,0.49999999999939465,0.9999999999987893,0.15296367112817638,0.0764818355640073,0.6666666666676493,PASS
gaussian_width_sweep,sigma,6.824999999999999,-3.9898639947466563e-14,-6.975736996027085e-18,6.824999999955791,0.07326007325959967,0.07326007325959967,0.499999999993529,0.999999999987058,0.14652014652107415,0.07326007325959967,0.6666666666624964,PASS
gaussian_width_sweep,sigma,7.1125,-3.184952301893418e-13,0.0,7.112499999629621,0.07029876976787479,0.07029876976787479,0.4999999999479723,0.9999999998959446,0.14059753955035975,0.07029876976787479,0.6666666666220629,PASS
gaussian_width_sweep,sigma,7.3999999999999995,-2.0077689510955565e-12,-1.7439342490067712e-17,7.399999997566156,0.06756756754538146,0.06756756754538146,0.4999999996713739,0.9999999993427477,0.13513513517956252,0.06756756754538146,0.666666666376259,PASS
gaussian_width_sweep,sigma,7.687499999999999,-1.0320910792671611e-11,-1.0463605494040627e-17,7.687499987000364,0.06504065029668796,0.06504065029668796,0.4999999983102839,0.9999999966205678,0.13008130103295992,0.06504065029668796,0.666666665166463,PASS
gaussian_width_sweep,sigma,7.975,-4.4478309924045334e-11,-3.4878684980135424e-18,7.97499994188306,0.06269592430864994,0.06269592430864994,0.499999992717788,0.999999985435576,0.12539185044354423,0.06269592430864994,0.6666666601954173,PASS
gaussian_width_sweep,sigma,8.2625,-1.6460374729909688e-10,-1.0463605494040627e-17,8.262499777170776,0.060514370533552804,0.060514370533552804,0.4999999730491098,0.9999999460982196,0.12102874759075594,0.060514370533552804,0.6666666427122092,FAIL
gaussian_width_sweep,sigma,8.549999999999999,-5.337917607928233e-10,3.4878684980135424e-18,8.549999252246575,0.05847952705564681,0.05847952705564681,0.4999999125975136,0.9999998251950272,0.11695907455630779,0.05847952705564681,0.6666665889775152,FAIL
gaussian_width_sweep,sigma,8.837499999999999,-1.542835997847547e-09,3.4878684980135424e-18,8.837497766068884,0.05657707199512182,0.05657707199512182,0.4999997473676075,0.999999494735215,0.11315420116306396,0.05657707199512182,0.6666664421065164,FAIL
gaussian_width_sweep,sigma,9.125,-4.031927569592142e-09,6.975736996027085e-18,9.124993972098137,0.05479448439039301,0.05479448439039301,0.49999933976656163,0.9999986795331233,0.10958911348956842,0.05479448439039301,0.6666660797943174,FAIL
gaussian_width_sweep,sigma,9.4125,-9.643633114286843e-09,-6.975736996027085e-18,9.412485128103011,0.05312076608739355,0.05312076608739355,0.4999984207910306,0.9999968415820611,0.10624186773099671,0.05312076608739355,0.6666652629260216,FAIL
gaussian_width_sweep,sigma,9.7,-2.1331435229310358e-08,-1.7439342490067712e-17,9.69996609897344,0.051546211773370924,0.051546211773370924,0.49999650673220364,0.9999930134644073,0.10309314381064982,0.051546211773370924,0.6666635615347065,FAIL
gaussian_width_sweep,sigma,9.987499999999999,-4.402763500999107e-08,-1.395147399205417e-17,9.987427954981037,0.05006221742235151,0.05006221742235151,0.49999278977233214,0.9999855795446643,0.10012587870545481,0.05006221742235151,0.6666602575468629,FAIL
gaussian_width_sweep,sigma,10.274999999999999,-8.544673579802264e-08,-3.4878684980135424e-17,10.27485615308513,0.04866111981866278,0.04866111981866278,0.4999860063848,0.9999720127696,0.09732496349349304,0.04866111981866278,0.6666542277838834,FAIL
gaussian_width_sweep,sigma,10.5625,-1.5697125335667472e-07,-4.8830158972189594e-17,10.562228348188563,0.047336061647256844,0.047336061647256844,0.49997429222225764,0.9999485844445153,0.09467699116459707,0.047336061647256844,0.6666438149194178,FAIL
gaussian_width_sweep,sigma,10.85,-2.745429911188424e-07,-7.498917270729116e-17,10.849511943597864,0.046080877987990265,0.046080877987990265,0.4999550361021763,0.9999100722043526,0.09217004462490988,0.046080877987990265,0.6666266975618311,FAIL
gaussian_width_sweep,sigma,11.1375,-4.594693674142558e-07,-1.1161179193643336e-16,11.136661543079674,0.044890001008323806,0.044890001008323806,0.4999247478982075,0.999849495796415,0.08979351631830013,0.044890001008323806,0.6665997725560847,FAIL
gaussian_width_sweep,sigma,11.424999999999999,-7.390542643148645e-07,-1.691616221536568e-16,11.42361650071787,0.0437583802938889,0.0437583802938889,0.4998789551699569,0.9997579103399138,0.08753795262096478,0.0437583802938889,0.6665590625814835,FAIL
gaussian_width_sweep,sigma,11.712499999999999,-1.14697569705835e-06,-2.2671145237088026e-16,11.710298773560439,0.0426814166677569,0.0426814166677569,0.4998121412582557,0.9996242825165114,0.08539491769908712,0.0426814166677569,0.6664996602053419,FAIL
gaussian_width_sweep,sigma,12.0,-1.7233557234042074e-06,-3.086763620741985e-16,11.996611265250042,0.04165490760237343,0.04165490760237343,0.49971773379558265,0.9994354675911653,0.08335687286096903,0.04165490760237343,0.6664157161533237,FAIL
boundary_softness_sweep,softness,0.05,0.0,-4.185442197616251e-17,3.507939598800271,0.3371570491545718,0.3371570491545718,1.182726563743972,2.365453127487944,0.2850676221283054,0.3371570491545718,0.9162851789229334,PASS
boundary_softness_sweep,softness,0.17375000000000002,1.734723475976807e-16,-1.395147399205417e-17,3.4802550927008964,0.2163447349331606,0.2163447349331606,0.7529348655301576,1.5058697310603153,0.2873352594460683,0.2163447349331606,0.859056295058412,PASS
boundary_softness_sweep,softness,0.2975,0.0,-2.790294798410834e-17,3.4506872579192094,0.18923173968777432,0.18923173968777432,0.6529795529344876,1.3059591058689752,0.28979734332769347,0.18923173968777432,0.7900636783749058,PASS
boundary_softness_sweep,softness,0.42124999999999996,1.734723475976807e-16,0.0,3.419778149037388,0.17734673724411312,0.17734673724411312,0.6064864968304932,1.2129729936609863,0.2924166295059787,0.17734673724411312,0.7550471143424933,PASS
boundary_softness_sweep,softness,0.545,1.734723475976807e-16,-1.395147399205417e-17,3.3882181999606256,0.17091925414615952,0.17091925414615952,0.5791117276217133,1.1582234552434265,0.2951403779164299,0.17091925414615952,0.7334651722135814,PASS
boundary_softness_sweep,softness,0.6687500000000001,0.0,-2.790294798410834e-17,3.3567820392684338,0.16707653258737432,0.16707653258737432,0.5608395037725453,1.1216790075450906,0.29790435849020414,0.16707653258737432,0.7186382743614278,PASS
boundary_softness_sweep,softness,0.7925,1.734723475976807e-16,-4.185442197616251e-17,3.326243776842902,0.16465050838421094,0.16465050838421094,0.5476677288670017,1.0953354577340033,0.30063942004540856,0.16465050838421094,0.7077329566967507,PASS
boundary_softness_sweep,softness,0.91625,0.0,0.0,3.2972924807970245,0.1630706767637335,0.1630706767637335,0.5376917163315406,1.0753834326630811,0.3032791315370288,0.1630706767637335,0.6993491746380858,PASS
boundary_softness_sweep,softness,1.04,0.0,-5.580589596821668e-17,3.2704723780504317,0.16202359808907074,0.16202359808907074,0.5298937021426505,1.059787404285301,0.3057662271392753,0.16202359808907074,0.6927196332675021,PASS
boundary_softness_sweep,softness,1.16375,0.0,-1.813691618967042e-16,3.2461592903863297,0.1613228613564253,0.1613228613564253,0.5236797051438657,1.0473594102877315,0.3080563553862696,0.1613228613564253,0.687388174006076,PASS
boundary_softness_sweep,softness,1.2875,-1.734723475976807e-16,-5.162045377060043e-16,3.2245676906727434,0.16085132008862488,0.16085132008862488,0.5186759697598394,1.0373519395196789,0.31011909065895876,0.16085132008862488,0.683063379007016,PASS
boundary_softness_sweep,softness,1.4112500000000001,0.0,-1.227729711300767e-15,3.205775451436003,0.1605323402790667,0.1605323402790667,0.5146306356282031,1.0292612712564062,0.3119370071761407,0.1605323402790667,0.6795460537022299,PASS
boundary_softness_sweep,softness,1.535,1.734723475976807e-16,-2.636828584498238e-15,3.1897547883887367,0.16031421189238756,0.16031421189238756,0.5113630250305098,1.0227260500610196,0.3135037224929831,0.16031421189238756,0.676691194057508,PASS
boundary_softness_sweep,softness,1.65875,0.0,-4.910918845203068e-15,3.1764022253713398,0.16016116137803205,0.16016116137803205,0.5087362694192392,1.0174725388384784,0.31482159029238793,0.16016116137803205,0.6743872732849345,PASS
boundary_softness_sweep,softness,1.7825,-1.734723475976807e-16,-8.384835869224556e-15,3.1655642040202787,0.16004794306917963,0.16004794306917963,0.5066420395068705,1.013284079013741,0.315899452846251,0.16004794306917963,0.6725446738142536,PASS
boundary_softness_sweep,softness,1.90625,0.0,-1.318414292249119e-14,3.157057365198706,0.15995648172067714,0.15995648172067714,0.5049917887275359,1.0099835774550718,0.3167506587061154,0.15995648172067714,0.6710890949845378,PASS
boundary_softness_sweep,softness,2.03,3.469446951953614e-16,-1.9392548848955296e-14,3.1506837656838043,0.15987373359652818,0.15987373359652818,0.5037115770018388,1.0074231540036775,0.31739142178956475,0.15987373359652818,0.6699577029350079,PASS
boundary_softness_sweep,softness,2.1537499999999996,0.0,-2.7121665440553306e-14,3.146241796900274,0.1597902877229296,0.1597902877229296,0.5027388819726019,1.0054777639452037,0.3178395255523265,0.1597902877229296,0.6690967912047341,PASS
boundary_softness_sweep,softness,2.2775,1.734723475976807e-16,-3.625988090534879e-14,3.143533685155277,0.1596994235959481,0.1596994235959481,0.5020205175737443,1.0040410351474887,0.3181133400039536,0.1596994235959481,0.6684602662889046,PASS
boundary_softness_sweep,softness,2.4012499999999997,0.0,-4.670953492539736e-14,3.1423703864260495,0.15959645446467605,0.15959645446467605,0.5015111722883915,1.003022344576783,0.31823110487526707,0.15959645446467605,0.6680085790166808,PASS
boundary_softness_sweep,softness,2.525,-1.734723475976807e-16,-5.826135539081821e-14,3.1425745575855504,0.15947825271056282,0.15947825271056282,0.5011722994564135,1.002344598912827,0.3182104295937484,0.15947825271056282,0.6677078968730243,PASS
boundary_softness_sweep,softness,2.6487499999999997,-1.734723475976807e-16,-7.080373050967491e-14,3.1439821454495056,0.15934289458033196,0.15934289458033196,0.5009712155648065,1.001942431129613,0.31806796404586724,0.15934289458033196,0.6675294107847669,PASS
boundary_softness_sweep,softness,2.7725,1.734723475976807e-16,-8.393904327319391e-14,3.146443008670749,0.15918938613009076,0.15918938613009076,0.5008803310436124,1.0017606620872248,0.3178192000439708,0.15918938613009076,0.6674487241710507,PASS
boundary_softness_sweep,softness,2.8962499999999998,0.0,-9.756963336343084e-14,3.149820882813986,0.15901744697096773,0.15901744697096773,0.5008764752009198,1.0017529504018396,0.3174783701053829,0.15901744697096773,0.6674453007660047,PASS
boundary_softness_sweep,softness,3.0199999999999996,0.0,-1.1144437424852871e-13,3.1539929161380296,0.15882733712951874,0.15882733712951874,0.5009402961955688,1.0018805923911376,0.317058416613108,0.15882733712951874,0.6675019618913978,PASS
boundary_softness_sweep,softness,3.14375,-1.734723475976807e-16,-1.2538887250358685e-13,3.158848940019791,0.15861971744759998,0.15861971744759998,0.5010557263255899,1.0021114526511798,0.31657101019633377,0.15861971744759998,0.6676044300537021,PASS
boundary_softness_sweep,softness,3.2674999999999996,1.734723475976807e-16,-1.3913805012275623e-13,3.1642905901052396,0.15839553692959427,0.15839553692959427,0.5012095070209821,1.0024190140419642,0.3160266010734575,0.15839553692959427,0.6677409178099589,PASS
boundary_softness_sweep,softness,3.39125,-3.469446951953614e-16,-1.5258727105109645e-13,3.17023035882325,0.158155942202776,0.158155942202776,0.5013907693995358,1.0027815387990715,0.3154344911298093,0.158155942202776,0.6679017609795124,PASS
boundary_softness_sweep,softness,3.5149999999999997,-1.734723475976807e-16,-1.65603996285683e-13,3.1765906339714567,0.1579022053265433,0.1579022053265433,0.5015906665237353,1.0031813330474706,0.3148029177273809,0.1579022053265433,0.6680790946650961,PASS
boundary_softness_sweep,softness,3.63875,-1.734723475976807e-16,-1.7806266256058737e-13,3.1833027593438,0.15763566687894678,0.15763566687894678,0.5018020533467514,1.0036041066935029,0.31413914277064364,0.15763566687894678,0.6682665697907701,PASS
boundary_softness_sweep,softness,3.7624999999999997,-3.469446951953614e-16,-1.899214154538334e-13,3.1903061399859656,0.15735769173794273,0.15735769173794273,0.5020192101255775,1.004038420251155,0.31344954249565704,0.15735769173794273,0.6684591072363708,PASS
boundary_softness_sweep,softness,3.88625,-3.469446951953614e-16,-2.0097795859253634e-13,3.1975474052318233,0.15706963535305704,0.15706963535305704,0.5022376049638763,1.0044752099277525,0.3127396949185142,0.15706963535305704,0.668652686239455,PASS
boundary_softness_sweep,softness,4.01,0.0,-2.1137878245361272e-13,3.2049796361288934,0.1567728186179515,0.1567728186179515,0.5024536911690632,1.0049073823381265,0.3120144629709814,0.1567728186179515,0.6688441635478797,PASS
boundary_softness_sweep,softness,4.13375,-3.469446951953614e-16,-2.209564693491579e-13,3.212561659409688,0.15646850972829454,0.15646850972829454,0.5026647352580909,1.0053294705161817,0.3112780721486416,0.15646850972829454,0.6690311198025036,PASS
boundary_softness_sweep,softness,4.257499999999999,0.0,-2.298086795971163e-13,3.2202574072194436,0.15615791165234397,0.15615791165234397,0.5028686716943801,1.0057373433887602,0.31053418206811834,0.15615791165234397,0.6692117297622115,PASS
boundary_softness_sweep,softness,4.38125,1.734723475976807e-16,-2.378377528795435e-13,3.2280353399360644,0.15584215405784593,0.15584215405784593,0.5030639807504872,1.0061279615009744,0.30978595172985207,0.15584215405784593,0.6693846532067679,PASS
boundary_softness_sweep,softness,4.505,0.0,-2.451413495143838e-13,3.235867928297924,0.15552228873004914,0.15552228873004914,0.5032495862370557,1.0064991724741115,0.3090360985547682,0.15552228873004914,0.6695489436287576,PASS
boundary_softness_sweep,softness,4.62875,-1.734723475976807e-16,-2.51628784920689e-13,3.2437311904591324,0.15519928768298874,0.15519928768298874,0.5034247701943504,1.0068495403887008,0.3082869514406794,0.15519928768298874,0.669703972124805,PASS
boundary_softness_sweep,softness,4.7524999999999995,-1.734723475976807e-16,-2.5743259810138354e-13,3.2516042793535154,0.15487404331098364,0.15487404331098364,0.5035891019907761,1.0071782039815522,0.3075404981932527,0.15487404331098364,0.6698493641975135,PASS
boundary_softness_sweep,softness,4.87625,1.734723475976807e-16,-2.6254581331947137e-13,3.2594691157484434,0.15454737005108365,0.15454737005108365,0.5037423796016531,1.0074847592033063,0.30679842774643745,0.15454737005108365,0.6699849474691761,PASS
boundary_softness_sweep,softness,5.0,1.734723475976807e-16,-2.669823820489446e-13,3.26731006252287,0.1542200071318502,0.1542200071318502,0.503884581144243,1.007769162288486,0.3060621676130544,0.1542200071318502,0.6701107085777815,PASS
overlap_separation_sweep,separation_d,0.0,0.0,-1.395147399205417e-17,1.9999999999999998,0.25,0.25,0.49999999999999994,0.9999999999999999,0.4999999999997501,0.25,0.6666666666673333,PASS
overlap_separation_sweep,separation_d,0.5,0.0,-1.395147399205417e-17,2.0078276992041975,0.24902535230159117,0.24902535230159117,0.5000000001552185,1.000000000310437,0.4980507044483209,0.24902535230159117,0.6666666668053063,PASS
overlap_separation_sweep,separation_d,1.0,0.0,-2.790294798410834e-17,2.0314903312764745,0.24612474498684733,0.24612474498684733,0.5000000397286682,1.0000000794573365,0.49224945086062205,0.24612474498684733,0.6666667019817079,PASS
overlap_separation_sweep,separation_d,1.5,0.0,-1.395147399205417e-17,2.0715051589895883,0.241370877221409,0.241370877221409,0.5000010173939913,1.0000020347879826,0.4827407721674631,0.241370877221409,0.6666675710169426,PASS
overlap_separation_sweep,separation_d,2.0,0.0,-1.395147399205417e-17,2.1286637530088584,0.23489390468670096,0.23489390468670096,0.500010140709298,1.000020281418596,0.4697782816032048,0.23489390468670096,0.6666756805702305,PASS
overlap_separation_sweep,separation_d,2.5,0.0,-1.395147399205417e-17,2.2039288407342714,0.22689487981153816,0.22689487981153816,0.5000601694315852,1.0001203388631703,0.4537351576498184,0.22689487981153816,0.666720148461232,PASS
overlap_separation_sweep,separation_d,3.0,1.734723475976807e-16,1.395147399205417e-17,2.2982968619570996,0.2176640353303204,0.2176640353303204,0.5002565693605946,1.0005131387211892,0.4351048015390063,0.2176640353303204,0.666894689318815,PASS
overlap_separation_sweep,separation_d,3.5,1.734723475976807e-16,0.0,2.4126361612850933,0.20760213024032248,0.20760213024032248,0.5008684065776197,1.0017368131552393,0.41448437855915016,0.20760213024032248,0.6674381369920002,PASS
overlap_separation_sweep,separation_d,4.0,0.0,-2.790294798410834e-17,2.547515912571974,0.1972402296695984,0.1972402296695984,0.5024726236826528,1.0049452473653055,0.39253925561941105,0.1972402296695984,0.668860937314937,PASS
overlap_separation_sweep,separation_d,4.5,0.0,0.0,2.7030455052108002,0.18724795573151087,0.18724795573151087,0.5061397450999714,1.0122794901999428,0.36995307628816404,0.18724795573151087,0.6721019702815736,PASS
overlap_separation_sweep,separation_d,5.0,3.469446951953614e-16,-1.395147399205417e-17,2.8787469659213194,0.17841244761967648,0.17841244761967648,0.51360429226774,1.02720858453548,0.34737335786634893,0.17841244761967648,0.6786506815448028,PASS
overlap_separation_sweep,separation_d,5.5,-3.469446951953614e-16,-2.790294798410834e-17,3.07348288197362,0.17156435681075666,0.17156435681075666,0.5273001138146749,1.0546002276293498,0.32536377731752003,0.17156435681075666,0.6904996719973351,PASS
overlap_separation_sweep,separation_d,6.0,0.0,-2.790294798410834e-17,3.285458093144494,0.16743631633627226,0.16743631633627226,0.5501050005933074,1.1002100011866147,0.3043715584399986,0.16743631633627226,0.7097648228775957,PASS
overlap_separation_sweep,separation_d,6.5,-3.469446951953614e-16,0.0,3.512304213688988,0.16647920710526345,0.16647920710526345,0.5847256206074186,1.1694512412148372,0.2847133787848664,0.16647920710526345,0.7379518738188393,PASS
overlap_separation_sweep,separation_d,7.0,0.0,-6.975736996027085e-18,3.751242040830463,0.16871836966959786,0.16871836966959786,0.6329034413649708,1.2658068827299416,0.26657837300691745,0.16871836966959786,0.7751878345438985,PASS
overlap_separation_sweep,separation_d,7.5,-3.469446951953614e-16,-1.395147399205417e-17,3.9993005864831717,0.17374123993405396,0.17374123993405396,0.6948434427645754,1.3896868855291509,0.250043720989502,0.17374123993405396,0.8199500027349207,PASS
overlap_separation_sweep,separation_d,8.0,-3.469446951953614e-16,-1.395147399205417e-17,4.25355771650581,0.1808293933365663,0.1808293933365663,0.7691682613978159,1.5383365227956318,0.2350973153883144,0.1808293933365663,0.8695252771383967,PASS
overlap_separation_sweep,separation_d,8.5,3.469446951953614e-16,-1.395147399205417e-17,4.511361658235146,0.1891545338553475,0.1891545338553475,0.8533445115163566,1.7066890230327132,0.22166256570770704,0.1891545338553475,0.9208698180118209,PASS
overlap_separation_sweep,separation_d,9.0,0.0,-1.395147399205417e-17,4.770497934016167,0.19794453683625776,0.19794453683625776,0.9442940040271548,1.8885880080543096,0.20962172373438479,0.19794453683625776,0.9713489853606898,PASS
overlap_separation_sweep,separation_d,9.5,0.0,-2.790294798410834e-17,5.0292810072656104,0.20657805160983436,0.20657805160983436,1.038939071479275,2.07787814295855,0.19883557879449157,0.20657805160983436,0.9809022878495673,PASS
overlap_separation_sweep,separation_d,10.0,3.469446951953614e-16,0.0,5.28656852808223,0.21461472755372912,0.21461472755372912,1.1345754643484867,2.2691509286969733,0.18915861861769406,0.21461472755372912,0.9369544592842823,PASS
overlap_separation_sweep,separation_d,10.5,0.0,-1.395147399205417e-17,5.541711994579776,0.22178508145800488,0.22178508145800488,1.2290690461346783,2.4581380922693565,0.18044965183645362,0.22178508145800488,0.8972355537700702,PASS
overlap_separation_sweep,separation_d,11.0,3.469446951953614e-16,0.0,5.794466574883181,0.2279611701940167,0.2279611701940167,1.3209133810604858,2.6418267621209717,0.17257843963315775,0.2279611701940167,0.8617297036250239,PASS
overlap_separation_sweep,separation_d,11.5,0.0,-1.395147399205417e-17,6.044884031104084,0.23312158005189737,0.23312158005189737,1.409192916561467,2.818385833122934,0.16542914551450655,0.23312158005189737,0.8301535282842121,PASS
overlap_separation_sweep,separation_d,12.0,0.0,-1.395147399205417e-17,6.293208249001351,0.23731802453731013,0.23731802453731013,1.4934917496549052,2.9869834993098103,0.15890146336068378,0.23731802453731013,0.8020880759993898,PASS
overlap_separation_sweep,separation_d,12.5,0.0,0.0,6.5397859350077585,0.24064691704488528,0.24064691704488528,1.5737793233931197,3.1475586467862393,0.15291020378003561,0.24064691704488528,0.7770673972796504,PASS
overlap_separation_sweep,separation_d,13.0,6.938893903907228e-16,-2.790294798410834e-17,6.784998229303338,0.24322703423349612,0.24322703423349612,1.6502949965929736,3.3005899931859473,0.14738397361417285,0.24322703423349612,0.7546329757904444,PASS
overlap_separation_sweep,separation_d,13.5,0.0,-1.395147399205417e-17,7.029213777739494,0.24518316919329433,0.24518316919329433,1.7234449109633379,3.4468898219266757,0.14226342114771265,0.24518316919329433,0.7343640372348293,PASS
overlap_separation_sweep,separation_d,14.0,0.0,-1.395147399205417e-17,7.272760610261972,0.24663506993437204,0.24663506993437204,1.7937178217279077,3.5874356434558154,0.13749936971510485,0.24663506993437204,0.7158919145115716,PASS
overlap_separation_sweep,separation_d,14.5,1.3877787807814457e-15,0.0,7.5159127272584,0.2476907132571288,0.2476907132571288,1.8616217841929652,3.7232435683859304,0.13305103934657309,0.2476907132571288,0.6989043803935571,PASS
overlap_separation_sweep,separation_d,15.0,0.0,-1.395147399205417e-17,7.7588870768340295,0.24844292198681292,0.24844292198681292,1.9276405767343676,3.8552811534687352,0.12888446372490778,0.24844292198681292,0.6831439678408836,PASS
overlap_separation_sweep,separation_d,15.5,-6.938893903907228e-16,-2.790294798410834e-17,8.001847097121734,0.24896840178887197,0.24896840178887197,1.9922070831293228,3.9844141662586456,0.12497114576952803,0.24896840178887197,0.668402936173401,PASS
overlap_separation_sweep,separation_d,16.0,-6.938893903907228e-16,-2.790294798410834e-17,8.244909798878952,0.24932839763960607,0.24932839763960607,2.055690148837576,4.111380297675152,0.12128695454446903,0.24932839763960607,0.6545166239330618,PASS
overlap_separation_sweep,separation_d,16.5,1.3877787807814457e-15,-2.790294798410834e-17,8.488154215023952,0.249570317559403,0.249570317559403,2.1183913429367127,4.236782685873425,0.1178112431357446,0.249570317559403,0.6413563212753806,PASS
overlap_separation_sweep,separation_d,17.0,0.0,-1.395147399205417e-17,8.731629802203932,0.24972982284410483,0.24972982284410483,2.180548363644694,4.361096727289388,0.1145261563594322,0.24972982284410483,0.6288223826004704,PASS
overlap_separation_sweep,separation_d,17.5,-1.3877787807814457e-15,0.0,8.975363983672773,0.24983302672142355,0.24983302672142355,2.2423423499674224,4.484684699934845,0.11141609430202545,0.24983302672142355,0.6168380091088714,PASS
overlap_separation_sweep,separation_d,18.0,0.0,-1.395147399205417e-17,9.219368462152351,0.24989856820222564,0.24989856820222564,2.3039069784206276,4.607813956841255,0.1084672994799073,0.24989856820222564,0.6053439195069441,PASS
overlap_separation_sweep,separation_d,18.5,-6.938893903907228e-16,-2.790294798410834e-17,9.463644222984533,0.24993942951332276,0.24993942951332276,2.3653378382098067,4.730675676419613,0.10566753952681096,0.24993942951332276,0.5942939746779158,PASS
overlap_separation_sweep,separation_d,19.0,0.0,-1.395147399205417e-17,9.708185320805422,0.2499644419431818,0.2499644419431818,2.4267011259961166,4.853402251992233,0.10300586226519766,0.2499644419431818,0.5836517182170391,PASS
overlap_separation_sweep,separation_d,19.5,0.0,0.0,9.952981628689624,0.24997947731492612,0.24997947731492612,2.4880411452648943,4.976082290529789,0.1004724048839178,0.24997947731492612,0.5733877315980502,PASS
overlap_separation_sweep,separation_d,20.0,0.0,-1.395147399205417e-17,10.198020755816865,0.24998835398097735,0.24998835398097735,2.5493864226105005,5.098772845221001,0.09805824325563471,0.24998835398097735,0.563477672440453,PASS
asymmetric_overlap_sweep,amplitude_ratio_r,0.1,-3.818460893745934,-2.790294798410834e-17,2.2364620440287064,0.23659056377289397,0.23659056377289397,0.5291258158534304,1.0582516317068609,0.4471347960809467,0.23659056377289397,0.6920631518585874,PASS
asymmetric_overlap_sweep,amplitude_ratio_r,0.1225,-3.7589320721143724,-1.395147399205417e-17,2.3160942650220933,0.23364847284563608,0.23364847284563608,0.541151887988948,1.082303775977896,0.4317613557883531,0.23364847284563608,0.7022693768303325,PASS
asymmetric_overlap_sweep,amplitude_ratio_r,0.14500000000000002,-3.6932967603060294,1.395147399205417e-17,2.4015203715039233,0.2307508482661603,0.2307508482661603,0.5541528628529947,1.1083057257059894,0.4164028803858722,0.2307508482661603,0.7131252994460484,PASS
asymmetric_overlap_sweep,amplitude_ratio_r,0.1675,-3.6219473537736824,0.0,2.4911241375312505,0.22790493159494546,0.22790493159494546,0.5677394761585771,1.1354789523171542,0.40142519793919895,0.22790493159494546,0.7242778341592759,PASS
asymmetric_overlap_sweep,amplitude_ratio_r,0.19,-3.545289960464211,-2.790294798410834e-17,2.5834676388499913,0.22511753682637234,0.22511753682637234,0.5815838713285542,1.1631677426571083,0.3870766503755218,0.22511753682637234,0.7354448687447717,PASS
asymmetric_overlap_sweep,amplitude_ratio_r,0.2125,-3.4637398559799366,0.0,2.6772965307467804,0.22239500695035336,0.22239500695035336,0.5954173805635872,1.1908347611271743,0.373511110373977,0.22239500695035336,0.746409545010388,PASS
asymmetric_overlap_sweep,amplitude_ratio_r,0.23500000000000001,-3.3777171464361926,-2.790294798410834e-17,2.771533687588666,0.21974317760910825,0.21974317760910825,0.609025619361423,1.218051238722846,0.3608110572416225,0.21974317760910825,0.7570117119746066,PASS
asymmetric_overlap_sweep,amplitude_ratio_r,0.2575,-3.287642702104486,-1.395147399205417e-17,2.8652663951703894,0.2171673480576676,0.2171673480576676,0.6222423045179065,1.244484609035813,0.3490076879710809,0.2171673480576676,0.7671385498768512,PASS
asymmetric_overlap_sweep,amplitude_ratio_r,0.28,-3.1939344118772963,0.0,2.957730621307217,0.214672259487877,0.214672259487877,0.6349427154325025,1.269885430865005,0.3380970507576838,0.214672259487877,0.7767155502631765,PASS
asymmetric_overlap_sweep,amplitude_ratio_r,0.3025,-3.097003795499548,-1.395147399205417e-17,3.048294557085379,0.2122620806373188,0.2122620806373188,0.6470373450823567,1.2940746901647133,0.32805228670414976,0.2122620806373188,0.7856984506328342,PASS
asymmetric_overlap_sweep,amplitude_ratio_r,0.32499999999999996,-2.997252997887545,0.0,3.1364426758453527,0.20994040047898974,0.20994040047898974,0.6584660314463675,1.316932062892735,0.3188325448129401,0.20994040047898974,0.7940663468067068,PASS
asymmetric_overlap_sweep,amplitude_ratio_r,0.34750000000000003,-2.8950721781081166,-1.395147399205417e-17,3.221760940720562,0.2077102276763951,0.2077102276763951,0.6691926985159848,1.3383853970319697,0.3103892617731081,0.2077102276763951,0.8018159905820126,PASS
asymmetric_overlap_sweep,amplitude_ratio_r,0.37,-2.7908372950264875,-1.395147399205417e-17,3.30392341682413,0.20557399639293483,0.20557399639293483,0.6792007405727366,1.3584014811454732,0.3026704538330187,0.20557399639293483,0.8089571713046231,PASS
asymmetric_overlap_sweep,amplitude_ratio_r,0.39249999999999996,-2.684908282457219,0.0,3.3826803315968266,0.20353357796455387,0.20353357796455387,0.6884890310002256,1.3769780620004513,0.2956235594179379,0.20353357796455387,0.8155090360199874,PASS
asymmetric_overlap_sweep,amplitude_ratio_r,0.41500000000000004,-2.5776275989807016,-1.395147399205417e-17,3.4578475162663223,0.20159029788069655,0.20159029788069655,0.6970685108301546,1.3941370216603093,0.2891972521331652,0.20159029788069655,0.8214971951716872,PASS
asymmetric_overlap_sweep,amplitude_ratio_r,0.4375,-2.4693191314473832,-1.395147399205417e-17,3.529297111508026,0.19974495747041698,0.19974495747041698,0.7049593014386362,1.4099186028772723,0.2833425377361978,0.19974495747041698,0.8269514713274593,PASS
asymmetric_overlap_sweep,amplitude_ratio_r,0.45999999999999996,-2.3602874265435765,0.0,3.5969494046421318,0.19799785965758732,0.19799785965758732,0.712188283415775,1.42437656683155,0.2780133628538526,0.19799785965758732,0.8319041665153721,PASS
asymmetric_overlap_sweep,amplitude_ratio_r,0.48250000000000004,-2.2508172215426225,-1.395147399205417e-17,3.6607656677625093,0.19634883813085457,0.19634883813085457,0.7187870855344907,1.4375741710689813,0.2731668975170801,0.19634883813085457,0.8363887436487032,PASS
asymmetric_overlap_sweep,amplitude_ratio_r,0.505,-2.1411732433814454,0.0,3.7207418765427476,0.1947972892694909,0.1947972892694909,0.724790431622006,1.449580863244012,0.2687636049961399,0.1947972892694909,0.8404388363180069,PASS
asymmetric_overlap_sweep,amplitude_ratio_r,0.5275,-2.0316002443276986,-1.395147399205417e-17,3.776903202798391,0.19334220617458275,0.19334220617458275,0.7302347977368884,1.4604695954737767,0.2647671773157472,0.19334220617458275,0.8440875177084946,PASS
asymmetric_overlap_sweep,amplitude_ratio_r,0.5499999999999999,-1.9223232425675796,0.0,3.8292991874354647,0.19198221417496625,0.19198221417496625,0.7351573367422596,1.4703146734845192,0.2611443898875535,0.19198221417496625,0.8473667732321185,PASS
asymmetric_overlap_sweep,amplitude_ratio_r,0.5725,-1.8135479368769816,-1.395147399205417e-17,3.877999512884805,0.19071560720766031,0.19071560720766031,0.7395950318508365,1.479190063701673,0.2578649111938264,0.19071560720766031,0.8503071327633611,PASS
asymmetric_overlap_sweep,amplitude_ratio_r,0.595,-1.7054612659731787,-2.790294798410834e-17,3.9230903050226686,0.18954038451185395,0.18954038451185395,0.743584044888723,1.487168089777446,0.2549010912951612,0.18954038451185395,0.8529374274431105,PASS
asymmetric_overlap_sweep,amplitude_ratio_r,0.6174999999999999,-1.5982320850263763,0.0,3.964670903847614,0.1884542871222198,0.1884542871222198,0.7471592288588089,1.4943184577176178,0.252227744559901,0.1884542871222198,0.8552846432287975,PASS
asymmetric_overlap_sweep,amplitude_ratio_r,0.64,-1.4920119340017817,-1.395147399205417e-17,4.002851049958271,0.1874548336998381,0.1874548336998381,0.75035377789515,1.5007075557903,0.2498219362946755,0.1874548336998381,0.8573738490716594,PASS
asymmetric_overlap_sweep,amplitude_ratio_r,0.6625,-1.3869358748826122,-1.395147399205417e-17,4.037748440369527,0.18653935529562782,0.18653935529562782,0.7531989909124583,1.5063979818249167,0.24766277908790033,0.18653935529562782,0.8592281821025278,PASS
asymmetric_overlap_sweep,amplitude_ratio_r,0.6849999999999999,-1.2831233772909711,-1.395147399205417e-17,4.069486612640595,0.18570502870023833,0.18570502870023833,0.7557241281956573,1.5114482563913145,0.24573124209170888,0.18570502870023833,0.8608688757643235,PASS
asymmetric_overlap_sweep,amplitude_ratio_r,0.7074999999999999,-1.18067923449345,-1.395147399205417e-17,4.098193120873094,0.1849489080942183,0.1849489080942183,0.7579563428647155,1.515912685729431,0.24400997476339337,0.1849489080942183,0.8623153196511795,PASS
asymmetric_overlap_sweep,amplitude_ratio_r,0.73,-1.0796944941859754,-1.395147399205417e-17,4.123997971045358,0.18426795477144717,0.18426795477144717,0.759920671606126,1.519841343212252,0.24248314548667826,0.18426795477144717,0.8635851420655213,PASS
asymmetric_overlap_sweep,amplitude_ratio_r,0.7525,-0.9802473907480912,0.0,4.1470322865219895,0.183659064765917,0.183659064765917,0.761640071296691,1.523280142593382,0.24113629480286333,0.183659064765917,0.86469430811307,PASS
asymmetric_overlap_sweep,amplitude_ratio_r,0.7749999999999999,-0.8824042678050634,1.395147399205417e-17,4.167427177526043,0.18311909426583162,0.18311909426583162,0.76313549016738,1.52627098033476,0.2399562025684637,0.18311909426583162,0.8656572276193215,PASS
asymmetric_overlap_sweep,amplitude_ratio_r,0.7975,-0.7862204819132999,-2.790294798410834e-17,4.185312790969628,0.18264488274868412,0.18264488274868412,0.7644259639732156,1.5288519279464312,0.23893076812738936,0.18264488274868412,0.8664868683435478,PASS
asymmetric_overlap_sweep,amplitude_ratio_r,0.82,-0.6917412799775008,-1.395147399205417e-17,4.200817519371033,0.18223327381578097,0.18223327381578097,0.7655287292576712,1.5310574585153425,0.2380489024787458,0.18223327381578097,0.86719487094376,PASS
asymmetric_overlap_sweep,amplitude_ratio_r,0.8424999999999999,-0.5990026446113388,-2.0927210988081255e-17,4.214067349689531,0.18188113374410936,0.18188113374410936,0.766459347235566,1.532918694471132,0.23730043139282936,0.18188113374410936,0.8677916629504369,PASS
asymmetric_overlap_sweep,amplitude_ratio_r,0.865,-0.5080321030688506,0.0,4.225185334817848,0.1815853678072473,0.1815853678072473,0.7672318330766862,1.5344636661533724,0.23667600844848485,0.1815853678072473,0.8682865696701995,PASS
asymmetric_overlap_sweep,amplitude_ratio_r,0.8875,-0.41884949660714044,-1.395147399205417e-17,4.234291172212308,0.18134293444513927,0.18134293444513927,0.7678587864641285,1.535717572928257,0.23616703701490835,0.18134293444513927,0.8686879204874656,PASS
asymmetric_overlap_sweep,amplitude_ratio_r,0.9099999999999999,-0.3314677082022422,-6.975736996027085e-18,4.2415008757309955,0.1811508573851351,0.1811508573851351,0.7683515202384712,1.5367030404769424,0.2357656002670094,0.1811508573851351,0.8690031494815412,PASS
asymmetric_overlap_sweep,amplitude_ratio_r,0.9325,-0.24589334744117147,-6.975736996027085e-18,4.246926528205409,0.18100623583399514,0.18100623583399514,0.7687201847339985,1.537440369467997,0.23546439839691005,0.18100623583399514,0.8692388896437996,PASS
asymmetric_overlap_sweep,amplitude_ratio_r,0.955,-0.16212739216781258,6.975736996027085e-18,4.250676103602321,0.18090625287298961,0.18090625287298961,0.7689738860794556,1.5379477721589112,0.23525669225944895,0.18090625287298961,0.8694010602769249,PASS
asymmetric_overlap_sweep,amplitude_ratio_r,0.9774999999999999,-0.0801657870825638,-1.395147399205417e-17,4.252853348849119,0.18084818219623738,0.18084818219623738,0.7691207972865438,1.5382415945730876,0.23513625276318983,0.18084818219623738,0.869494947396008,PASS
asymmetric_overlap_sweep,amplitude_ratio_r,1.0,-3.469446951953614e-16,-1.395147399205417e-17,4.25355771650581,0.1808293933365663,0.1808293933365663,0.7691682613978159,1.5383365227956318,0.2350973153883144,0.1808293933365663,0.8695252771383967,PASS
selector_phase_sweep,k0,0.0,3.469446951953614e-16,-1.395147399205417e-17,4.0,0.125,0.125,0.5,1.0,0.2499999999999375,0.125,0.6666666666676666,PASS
selector_phase_sweep,k0,0.125,3.469446951953614e-16,0.125,4.0,0.125,0.125,0.5,1.0,0.2499999999999375,0.125,0.6666666666676666,PASS
selector_phase_sweep,k0,0.25,0.0,0.25,4.0,0.125,0.125,0.5,1.0,0.2499999999999375,0.125,0.6666666666676666,PASS
selector_phase_sweep,k0,0.375,3.469446951953614e-16,0.37500000000000006,4.0,0.125,0.125,0.5,1.0,0.2499999999999375,0.125,0.6666666666676666,PASS
selector_phase_sweep,k0,0.5,0.0,0.5,4.0,0.125,0.125,0.5,1.0,0.2499999999999375,0.125,0.6666666666676666,PASS
selector_phase_sweep,k0,0.625,0.0,0.6249999999999999,4.0,0.12499999999999997,0.12499999999999997,0.4999999999999999,0.9999999999999998,0.2499999999999375,0.12499999999999997,0.6666666666676666,PASS
selector_phase_sweep,k0,0.75,3.469446951953614e-16,0.75,3.9999999999999996,0.12500000000000003,0.12500000000000003,0.5,1.0,0.24999999999993755,0.12500000000000003,0.6666666666676666,PASS
selector_phase_sweep,k0,0.875,3.469446951953614e-16,0.8749999999999999,4.0,0.12500000000000003,0.12500000000000003,0.5000000000000001,1.0000000000000002,0.2499999999999375,0.12500000000000003,0.6666666666676667,PASS
selector_phase_sweep,k0,1.0,0.0,1.0000000000000002,4.0,0.12499999999999999,0.12499999999999999,0.49999999999999994,0.9999999999999999,0.2499999999999375,0.12499999999999999,0.6666666666676666,PASS
selector_phase_sweep,k0,1.125,3.469446951953614e-16,1.1250000000000002,3.9999999999999996,0.12499999999999994,0.12499999999999994,0.4999999999999997,0.9999999999999994,0.24999999999993755,0.12499999999999994,0.6666666666676664,PASS
selector_phase_sweep,k0,1.25,3.469446951953614e-16,1.2499999999999998,4.0,0.12499999999999996,0.12499999999999996,0.49999999999999983,0.9999999999999997,0.2499999999999375,0.12499999999999996,0.6666666666676665,PASS
selector_phase_sweep,k0,1.375,0.0,1.375,4.0,0.125,0.125,0.5,1.0,0.2499999999999375,0.125,0.6666666666676666,PASS
selector_phase_sweep,k0,1.5,0.0,1.5000000000000004,4.0,0.12500000000000006,0.12500000000000006,0.5000000000000002,1.0000000000000004,0.2499999999999375,0.12500000000000006,0.6666666666676668,PASS
selector_phase_sweep,k0,1.625,3.469446951953614e-16,1.6250000000000002,3.9999999999999996,0.12500000000000006,0.12500000000000006,0.5000000000000001,1.0000000000000002,0.24999999999993755,0.12500000000000006,0.6666666666676668,PASS
selector_phase_sweep,k0,1.75,3.469446951953614e-16,1.7500000000000002,4.0,0.12499999999999997,0.12499999999999997,0.4999999999999999,0.9999999999999998,0.2499999999999375,0.12499999999999997,0.6666666666676666,PASS
selector_phase_sweep,k0,1.875,0.0,1.8749999999999998,4.0,0.125,0.125,0.5,1.0,0.2499999999999375,0.125,0.6666666666676666,PASS
selector_phase_sweep,k0,2.0,0.0,2.0000000000000004,4.0,0.12500000000000006,0.12500000000000006,0.5000000000000002,1.0000000000000004,0.2499999999999375,0.12500000000000006,0.6666666666676668,PASS
selector_phase_sweep,k0,2.125,0.0,2.1250000000000004,4.0,0.12499999999999997,0.12499999999999997,0.4999999999999999,0.9999999999999998,0.2499999999999375,0.12499999999999997,0.6666666666676666,PASS
selector_phase_sweep,k0,2.25,0.0,2.2500000000000004,4.0,0.12499999999999992,0.12499999999999992,0.49999999999999967,0.9999999999999993,0.2499999999999375,0.12499999999999992,0.6666666666676664,PASS
selector_phase_sweep,k0,2.375,3.469446951953614e-16,2.375,4.0,0.12499999999999992,0.12499999999999992,0.49999999999999967,0.9999999999999993,0.2499999999999375,0.12499999999999992,0.6666666666676664,PASS
selector_phase_sweep,k0,2.5,3.469446951953614e-16,2.5,4.0,0.12499999999999996,0.12499999999999996,0.49999999999999983,0.9999999999999997,0.2499999999999375,0.12499999999999996,0.6666666666676665,PASS
selector_phase_sweep,k0,2.625,3.469446951953614e-16,2.625,3.9999999999999996,0.12499999999999997,0.12499999999999997,0.49999999999999983,0.9999999999999997,0.24999999999993755,0.12499999999999997,0.6666666666676664,PASS
selector_phase_sweep,k0,2.75,0.0,2.75,4.0,0.12500000000000006,0.12500000000000006,0.5000000000000002,1.0000000000000004,0.2499999999999375,0.12500000000000006,0.6666666666676668,PASS
selector_phase_sweep,k0,2.875,3.469446951953614e-16,2.8750000000000004,4.0,0.12500000000000003,0.12500000000000003,0.5000000000000001,1.0000000000000002,0.2499999999999375,0.12500000000000003,0.6666666666676667,PASS
selector_phase_sweep,k0,3.0,0.0,3.0,4.0,0.12499999999999999,0.12499999999999999,0.49999999999999994,0.9999999999999999,0.2499999999999375,0.12499999999999999,0.6666666666676666,PASS
selector_phase_sweep,k0,3.125,0.0,3.125,4.0,0.12500000000000008,0.12500000000000008,0.5000000000000003,1.0000000000000007,0.2499999999999375,0.12500000000000008,0.666666666667667,PASS
selector_phase_sweep,k0,3.25,3.469446951953614e-16,3.25,3.9999999999999996,0.12500000000000014,0.12500000000000014,0.5000000000000004,1.0000000000000009,0.24999999999993755,0.12500000000000014,0.666666666667667,PASS
selector_phase_sweep,k0,3.375,3.469446951953614e-16,3.3750000000000004,4.0,0.12500000000000008,0.12500000000000008,0.5000000000000003,1.0000000000000007,0.2499999999999375,0.12500000000000008,0.666666666667667,PASS
selector_phase_sweep,k0,3.5,3.469446951953614e-16,3.5000000000000004,3.9999999999999996,0.12499999999999989,0.12499999999999989,0.4999999999999995,0.999999999999999,0.24999999999993755,0.12499999999999989,0.6666666666676662,PASS
selector_phase_sweep,k0,3.625,0.0,3.625,4.0,0.12499999999999983,0.12499999999999983,0.49999999999999933,0.9999999999999987,0.2499999999999375,0.12499999999999983,0.666666666667666,PASS
selector_phase_sweep,k0,3.75,0.0,3.7499999999999996,4.0,0.12499999999999997,0.12499999999999997,0.4999999999999999,0.9999999999999998,0.2499999999999375,0.12499999999999997,0.6666666666676666,PASS
selector_phase_sweep,k0,3.875,0.0,3.875,4.0,0.12500000000000006,0.12500000000000006,0.5000000000000002,1.0000000000000004,0.2499999999999375,0.12500000000000006,0.6666666666676668,PASS
selector_phase_sweep,k0,4.0,3.469446951953614e-16,4.0,4.0,0.1250000000000001,0.1250000000000001,0.5000000000000004,1.0000000000000009,0.2499999999999375,0.1250000000000001,0.666666666667667,PASS
selector_phase_sweep,k0,4.125,0.0,4.125,4.0,0.1250000000000001,0.1250000000000001,0.5000000000000004,1.0000000000000009,0.2499999999999375,0.1250000000000001,0.666666666667667,PASS
selector_phase_sweep,k0,4.25,3.469446951953614e-16,4.250000000000001,3.9999999999999996,0.12499999999999996,0.12499999999999996,0.4999999999999998,0.9999999999999996,0.24999999999993755,0.12499999999999996,0.6666666666676664,PASS
selector_phase_sweep,k0,4.375,3.469446951953614e-16,4.375000000000001,3.9999999999999996,0.12499999999999982,0.12499999999999982,0.4999999999999992,0.9999999999999984,0.24999999999993755,0.12499999999999982,0.6666666666676659,PASS
selector_phase_sweep,k0,4.5,3.469446951953614e-16,4.5,3.9999999999999996,0.12499999999999994,0.12499999999999994,0.4999999999999997,0.9999999999999994,0.24999999999993755,0.12499999999999994,0.6666666666676664,PASS
selector_phase_sweep,k0,4.625,3.469446951953614e-16,4.625000000000001,3.9999999999999996,0.125,0.125,0.49999999999999994,0.9999999999999999,0.24999999999993755,0.125,0.6666666666676666,PASS
selector_phase_sweep,k0,4.75,0.0,4.749999999999999,4.0,0.12499999999999999,0.12499999999999999,0.49999999999999994,0.9999999999999999,0.2499999999999375,0.12499999999999999,0.6666666666676666,PASS
selector_phase_sweep,k0,4.875,3.469446951953614e-16,4.875,3.9999999999999996,0.12500000000000008,0.12500000000000008,0.5000000000000002,1.0000000000000004,0.24999999999993755,0.12500000000000008,0.6666666666676668,PASS
selector_phase_sweep,k0,5.0,0.0,5.0,4.0,0.1250000000000001,0.1250000000000001,0.5000000000000004,1.0000000000000009,0.2499999999999375,0.1250000000000001,0.666666666667667,PASS
oscillatory_selector_sweep,beta,0.0,3.469446951953614e-16,-1.395147399205417e-17,4.0,0.125,0.125,0.5,1.0,0.2499999999999375,0.125,0.6666666666676666,PASS
oscillatory_selector_sweep,beta,0.125,3.469446951953614e-16,2.8556212011584392e-09,3.9999999999999996,0.18221724671391562,0.18221724671391562,0.7288689868556624,1.4577379737113247,0.24999999999993755,0.18221724671391562,0.8431743439179782,PASS
oscillatory_selector_sweep,beta,0.25,3.469446951953614e-16,5.7112424023168785e-09,4.0,0.2931509849889643,0.2931509849889643,1.1726039399558572,2.3452078799117144,0.2499999999999375,0.2931509849889643,0.9205543464312615,PASS
oscillatory_selector_sweep,beta,0.375,0.0,8.566863596499581e-09,4.0,0.4169270020039478,0.4169270020039478,1.667708008015791,3.335416016031582,0.2499999999999375,0.4169270020039478,0.7497072370706209,PASS
oscillatory_selector_sweep,beta,0.5,3.469446951953614e-16,1.1422484776730809e-08,3.9999999999999996,0.544862367942584,0.544862367942584,2.1794494717703357,4.358898943540671,0.24999999999993755,0.544862367942584,0.629039718277872,PASS
oscillatory_selector_sweep,beta,0.625,3.469446951953614e-16,1.4278105984864987e-08,3.9999999999999996,0.6745947857788406,0.6745947857788406,2.698379143115362,5.396758286230724,0.24999999999993755,0.6745947857788406,0.5407774386042948,PASS
oscillatory_selector_sweep,beta,0.75,0.0,1.7133727192999162e-08,4.0,0.8052561704203204,0.8052561704203204,3.2210246816812815,6.442049363362563,0.2499999999999375,0.8052561704203204,0.4738185987590816,PASS
oscillatory_selector_sweep,beta,0.875,3.469446951953614e-16,1.998934837323039e-08,4.0,0.936457753985731,0.936457753985731,3.745831015942924,7.491662031885848,0.2499999999999375,0.936457753985731,0.42142250604440257,PASS
oscillatory_selector_sweep,beta,1.0,3.469446951953614e-16,2.2844969441849827e-08,4.0,1.0680004681646913,1.0680004681646913,4.272001872658765,8.54400374531753,0.2499999999999375,1.0680004681646913,0.3793625359608307,PASS
oscillatory_selector_sweep,beta,1.125,0.0,2.5700590733692846e-08,4.0,1.1997721137782789,1.1997721137782789,4.799088455113115,9.59817691022623,0.2499999999999375,1.1997721137782789,0.3448817888333444,PASS
oscillatory_selector_sweep,beta,1.25,0.0,2.855621202553587e-08,4.0,1.331704734541407,1.331704734541407,5.326818938165628,10.653637876331256,0.2499999999999375,1.331704734541407,0.31611462561977244,PASS
oscillatory_selector_sweep,beta,1.375,0.0,3.14118330941553e-08,4.0,1.4637548035787957,1.4637548035787957,5.855019214315183,11.710038428630366,0.2499999999999375,1.4637548035787957,0.291757023208024,PASS
oscillatory_selector_sweep,beta,1.5,-3.469446951953614e-16,3.4267454274386534e-08,4.0,1.5958931668504626,1.5958931668504626,6.38357266740185,12.7671453348037,0.2499999999999375,1.5958931668504626,0.2708715807501152,PASS
oscillatory_selector_sweep,beta,1.625,3.469446951953614e-16,3.712307567784135e-08,3.9999999999999996,1.728099570337311,1.728099570337311,6.912398281349243,13.824796562698486,0.24999999999993755,1.728099570337311,0.25276786239601523,PASS
oscillatory_selector_sweep,beta,1.75,3.469446951953614e-16,3.99786965232372e-08,3.9999999999999996,1.8603595082671518,1.8603595082671518,7.441438033068606,14.882876066137213,0.24999999999993755,1.8603595082671518,0.23692645638903986,PASS
oscillatory_selector_sweep,beta,1.875,3.469446951953614e-16,4.2834318149915594e-08,4.0,1.9926623208662322,1.9926623208662322,7.970649283464929,15.941298566929857,0.2499999999999375,1.9926623208662322,0.22294930241996502,PASS
oscillatory_selector_sweep,beta,2.0,3.469446951953614e-16,4.568993933014682e-08,4.0,2.1249999999999996,2.1249999999999996,8.499999999999998,16.999999999999996,0.2499999999999375,2.1249999999999996,0.210526315789759,PASS
oscillatory_selector_sweep,beta,2.125,3.469446951953614e-16,4.854556051037805e-08,4.0,2.257366413544774,2.257366413544774,9.029465654179097,18.058931308358193,0.2499999999999375,2.257366413544774,0.19941241826471456,PASS
oscillatory_selector_sweep,beta,2.25,3.469446951953614e-16,5.140118146738569e-08,3.9999999999999996,2.3897567867881446,2.3897567867881446,9.559027147152577,19.118054294305153,0.24999999999993755,2.3897567867881446,0.189411389148869,PASS
oscillatory_selector_sweep,beta,2.375,3.469446951953614e-16,5.4256802647616924e-08,4.0,2.5221673467476333,2.5221673467476333,10.088669386990533,20.177338773981067,0.2499999999999375,2.5221673467476333,0.1803642917110746,PASS
oscillatory_selector_sweep,beta,2.5,3.469446951953614e-16,5.711242405107174e-08,4.0,2.6545950726994123,2.6545950726994123,10.61838029079765,21.2367605815953,0.2499999999999375,2.6545950726994123,0.17214103428745198,PASS
oscillatory_selector_sweep,beta,2.625,0.0,5.996804545452655e-08,4.0,2.787037517687912,2.787037517687912,11.148150070751647,22.296300141503295,0.2499999999999375,2.787037517687912,0.16463412028619562,PASS
oscillatory_selector_sweep,beta,2.75,0.0,6.282366641153419e-08,4.0,2.919492678531665,2.919492678531665,11.67797071412666,23.35594142825332,0.2499999999999375,2.919492678531665,0.157753953302193,PASS
oscillatory_selector_sweep,beta,2.875,0.0,6.567928759176542e-08,4.0,3.05195889962496,3.05195889962496,12.20783559849984,24.41567119699968,0.2499999999999375,3.05195889962496,0.1514252645778006,PASS
oscillatory_selector_sweep,beta,3.0,3.469446951953614e-16,6.853490877199665e-08,3.9999999999999996,3.1844348007142482,3.1844348007142482,12.737739202856991,25.475478405713982,0.24999999999993755,3.1844348007142482,0.1455843622061933,PASS
oscillatory_selector_sweep,beta,3.125,3.469446951953614e-16,7.139052995222788e-08,3.9999999999999996,3.3169192219588335,3.3169192219588335,13.267676887835332,26.535353775670664,0.24999999999993755,3.3169192219588335,0.14017698997011774,PASS
oscillatory_selector_sweep,beta,3.25,0.0,7.424615113245911e-08,4.0,3.4494111816366564,3.4494111816366564,13.797644726546626,27.59528945309325,0.2499999999999375,3.4494111816366564,0.1351566439769324,PASS
oscillatory_selector_sweep,beta,3.375,0.0,7.710177231269033e-08,4.0,3.5819098432260956,3.5819098432260956,14.327639372904382,28.655278745808765,0.2499999999999375,3.5819098432260956,0.13048323693852915,PASS
oscillatory_selector_sweep,beta,3.5,0.0,7.99573930464744e-08,4.0,3.7144144895259057,3.7144144895259057,14.857657958103623,29.715315916207246,0.2499999999999375,3.7144144895259057,0.12612202919794857,PASS
oscillatory_selector_sweep,beta,3.625,0.0,8.281301467315279e-08,4.0,3.8469245021185428,3.8469245021185428,15.387698008474171,30.775396016948342,0.2499999999999375,3.8469245021185428,0.12204276640738876,PASS
oscillatory_selector_sweep,beta,3.75,0.0,8.566863629983119e-08,4.0,3.9794393449329006,3.9794393449329006,15.917757379731603,31.835514759463205,0.2499999999999375,3.9794393449329006,0.1182189787400052,PASS
oscillatory_selector_sweep,beta,3.875,0.0,8.8524257703286e-08,4.0,4.111958550982729,4.111958550982729,16.447834203930917,32.895668407861834,0.2499999999999375,4.111958550982729,0.11462740742644606,PASS
oscillatory_selector_sweep,beta,4.0,3.469446951953614e-16,9.137987866029364e-08,4.0,4.244481711587411,4.244481711587411,16.977926846349643,33.955853692699286,0.2499999999999375,4.244481711587411,0.11124753243776697,PASS
oscillatory_selector_sweep,beta,4.125,3.469446951953614e-16,9.423550006374845e-08,3.9999999999999996,4.377008467549497,4.377008467549497,17.508033870197984,35.01606774039597,0.24999999999993755,4.377008467549497,0.10806118110814233,PASS
oscillatory_selector_sweep,beta,4.25,3.469446951953614e-16,9.709112146720326e-08,3.9999999999999996,4.509538501886861,4.509538501886861,18.03815400754744,36.07630801509488,0.24999999999993755,4.509538501886861,0.10505220197348086,PASS
oscillatory_selector_sweep,beta,4.375,3.469446951953614e-16,9.994674175454017e-08,4.0,4.642071533809016,4.642071533809016,18.568286135236065,37.13657227047213,0.2499999999999375,4.642071533809016,0.1022061914968514,PASS
oscillatory_selector_sweep,beta,4.5,0.0,1.0280236382766573e-07,4.0,4.774607313696069,4.774607313696069,19.098429254784275,38.19685850956855,0.2499999999999375,4.774607313696069,0.09951026394398688,PASS
oscillatory_selector_sweep,beta,4.625,0.0,1.0565798456144978e-07,4.0,4.907145618890883,4.907145618890883,19.628582475563533,39.257164951127066,0.2499999999999375,4.907145618890883,0.09695285666731224,PASS
oscillatory_selector_sweep,beta,4.75,0.0,1.0851360663457535e-07,4.0,5.039686250154864,5.039686250154864,20.158745000619454,40.31749000123891,0.2499999999999375,5.039686250154864,0.09452356460388345,PASS
oscillatory_selector_sweep,beta,4.875,3.469446951953614e-16,1.1136922647546508e-07,4.0,5.172229028668394,5.172229028668394,20.688916114673574,41.37783222934715,0.2499999999999375,5.172229028668394,0.09221299900044622,PASS
oscillatory_selector_sweep,beta,5.0,3.469446951953614e-16,1.1422484720924913e-07,4.0,5.304773793480734,5.304773793480734,21.219095173922938,42.438190347845875,0.2499999999999375,5.304773793480734,0.09001266632812444,PASS
