family,parameter_name,parameter_value,delta_x,delta_k,uncertainty_product,ratio_to_hbar_over_2,S_balance_original,S_balance_log,S_balance_product_distance,Hx_norm,Hk_norm,S_balance_entropy,S_combined,pass_fail
gaussian_width_sweep,sigma,0.5,0.5,1.0,0.5,1.0,0.6666666666676666,0.50000000000125,1.0,0.6002313852709802,0.431389688939926,0.8311583036689458,0.6659416567792875,PASS
gaussian_width_sweep,sigma,0.7875,0.7875000000000001,0.6349206349206349,0.5,1.0,0.666666666667406,0.5000000000010286,1.0,0.6470422301074451,0.38457884404734677,0.7375366139399017,0.6347344268694455,PASS
gaussian_width_sweep,sigma,1.075,1.075,0.46511627906976744,0.5,1.0,0.666666666667319,0.5000000000010026,1.0,0.6791125751294331,0.35250849896537667,0.6733959238359435,0.613354196834755,PASS
gaussian_width_sweep,sigma,1.3624999999999998,1.3624999999999996,0.36697247706422026,0.49999999999999994,0.9999999999999999,0.6666666666672957,0.5000000000010483,1.0000000000000002,0.7035354014998687,0.3280856725337271,0.6245502710338584,0.5970723125674008,PASS
gaussian_width_sweep,sigma,1.65,1.6500000000000001,0.30303030303030304,0.5,1.0,0.6666666666673027,0.5000000000011281,1.0,0.7232646724782427,0.3083564014936728,0.5850917290154302,0.5839194652279537,PASS
gaussian_width_sweep,sigma,1.9375,1.9375,0.2580645161290323,0.5000000000000001,1.0000000000000002,0.6666666666673267,0.500000000001227,0.9999999999999998,0.7398168356950402,0.2918042382150207,0.5519874025199805,0.5728846897295113,PASS
gaussian_width_sweep,sigma,2.2249999999999996,2.224999999999999,0.22471910112359555,0.49999999999999994,0.9999999999999999,0.6666666666673609,0.5000000000013373,1.0000000000000002,0.754074623181803,0.2775464506663593,0.5234718274845563,0.5633794980510848,PASS
gaussian_width_sweep,sigma,2.5124999999999997,2.5124999999999997,0.19900497512437815,0.5,1.0,0.6666666666674019,0.5000000000014554,1.0,0.7665973559916447,0.2650237177946376,0.49842636180299293,0.5550310094906167,PASS
gaussian_width_sweep,sigma,2.8,2.8,0.17857142857142858,0.5,1.0,0.6666666666674477,0.5000000000015786,1.0,0.7777618724206701,0.25385920130378314,0.47609732888311307,0.5475879985173798,PASS
gaussian_width_sweep,sigma,3.0875,3.0875,0.1619433198380567,0.5000000000000001,1.0000000000000002,0.6666666666674967,0.5000000000017059,0.9999999999999998,0.7878341801818803,0.24378689348081187,0.4559527132989315,0.5408731266560447,PASS
gaussian_width_sweep,sigma,3.375,3.3750000000000004,0.14814814814814817,0.5000000000000001,1.0000000000000002,0.6666666666675485,0.5000000000018359,0.9999999999999998,0.7970090633674524,0.2346120102335536,0.43760294686610124,0.5347565378451619,PASS
gaussian_width_sweep,sigma,3.6624999999999996,3.6624999999999996,0.13651877133105803,0.49999999999999994,0.9999999999999999,0.666666666667602,0.5000000000019679,1.0000000000000002,0.8054334388321018,0.22618763470729944,0.4207541958751976,0.5291402875149225,PASS
gaussian_width_sweep,sigma,3.9499999999999997,3.9499999999999997,0.1265822784810127,0.5000000000000001,1.0000000000000002,0.6666666666676571,0.5000000000021019,0.9999999999999998,0.8132208597528311,0.21840021372504517,0.40517935397221405,0.5239486735473243,PASS
gaussian_width_sweep,sigma,4.2375,4.2375,0.11799410029498525,0.49999999999999994,0.9999999999999999,0.6666666666677132,0.5000000000022368,1.0000000000000002,0.8204609107596995,0.21116016265673188,0.39069925189703236,0.5191219728556608,PASS
gaussian_width_sweep,sigma,4.5249999999999995,4.524999999999999,0.1104972375690608,0.49999999999999994,0.9999999999999999,0.6666666666677704,0.500000000002373,1.0000000000000002,0.8272255124086451,0.20439556094641903,0.377170048537774,0.5146122384026391,PASS
gaussian_width_sweep,sigma,4.8125,4.8125,0.10389610389610389,0.49999999999999994,0.9999999999999999,0.6666666666678284,0.5000000000025101,1.0000000000000002,0.8335732800971306,0.198047793196638,0.3644745130995074,0.5103803932566153,PASS
gaussian_width_sweep,sigma,5.1,5.1,0.09803921568627451,0.49999999999999994,0.9999999999999999,0.6666666666678871,0.5000000000026481,1.0000000000000002,0.8395526162064351,0.19206845702611997,0.3525158408196849,0.5063941691634067,PASS
gaussian_width_sweep,sigma,5.387499999999999,5.387499999999999,0.09280742459396753,0.5,1.0,0.6666666666679464,0.5000000000027865,1.0,0.8452039530821385,0.18641712008927785,0.34121316700713944,0.5026266112259575,PASS
gaussian_width_sweep,sigma,5.675,5.674999999999999,0.0881057268722467,0.49999999999999994,0.9999999999999999,0.666666666668006,0.5000000000029255,1.0000000000000002,0.8505614121782253,0.18105966093210654,0.33049824875388123,0.4990549718082709,PASS
gaussian_width_sweep,sigma,5.9624999999999995,5.962499999999989,0.08385744234800824,0.49999999999999817,0.9999999999999963,0.6666666666680646,0.5000000000030633,1.0000000000000038,0.8556540527395888,0.17596702030974976,0.3203129675701609,0.49565987808042955,PASS
gaussian_width_sweep,sigma,6.25,6.249999999999747,0.07999999999999677,0.49999999999995953,0.9999999999999191,0.6666666666680907,0.5000000000031646,1.000000000000081,0.8605068261540229,0.17111424683435575,0.31060742068033287,0.4924246957838627,PASS
gaussian_width_sweep,sigma,6.5375,6.5374999999960375,0.0764818355640073,0.49999999999939465,0.9999999999987893,0.6666666666676493,0.5000000000027399,1.0000000000012108,0.8651413154919395,0.1664797574354633,0.30133844194352377,0.48933503620463775,PASS
gaussian_width_sweep,sigma,6.824999999999999,6.824999999955791,0.07326007325959967,0.499999999993529,0.999999999987058,0.6666666666624964,0.4999999999970147,1.000000000012942,0.8695763157643743,0.16204475710114732,0.29246844133677297,0.4863783693320947,PASS
gaussian_width_sweep,sigma,7.1125,7.112499999629621,0.07029876976787479,0.4999999999479723,0.9999999998959446,0.6666666666220629,0.49999999995159883,1.0000000001040554,0.8738282943702284,0.15779277842612968,0.28396448405590136,0.48354371687652103,PASS
gaussian_width_sweep,sigma,7.3999999999999995,7.399999997566156,0.06756756754538146,0.4999999996713739,0.9999999993427477,0.666666666376259,0.4999999996751415,1.0000000006572523,0.8779117602361354,0.1537093124480068,0.2757975522118714,0.4808214060877573,PASS
gaussian_width_sweep,sigma,7.687499999999999,7.687499987000364,0.06504065029668796,0.4999999983102839,0.9999999966205678,0.666666665166463,0.49999999831419273,1.0000000033794323,0.8818395625149789,0.149781509850443,0.26794194733546417,0.47820287027203995,PASS
gaussian_width_sweep,sigma,7.975,7.97499994188306,0.06269592430864994,0.499999992717788,0.999999985435576,0.6666666601954173,0.49999999272183826,1.0000000145644241,0.885623134276669,0.1459979369518486,0.26037480267517954,0.47568048519747835,PASS
gaussian_width_sweep,sigma,8.2625,8.262499777170776,0.060514370533552804,0.4999999730491098,0.9999999460982196,0.6666666427122092,0.49999997305330146,1.0000000539017833,0.8892726926787519,0.14234837468684772,0.2530756820080958,0.47324743259120217,FAIL
gaussian_width_sweep,sigma,8.549999999999999,8.549999252246575,0.05847952705564681,0.4999999125975136,0.9999998251950272,0.6666665889775152,0.499999912601847,1.0000001748050034,0.8927974041747825,0.13882365150825568,0.24602624733347322,0.4708975829709452,FAIL
gaussian_width_sweep,sigma,8.837499999999999,8.837497766068884,0.05657707199512182,0.4999997473676075,0.999999494735215,0.6666664421065164,0.4999997473720827,1.0000005052650403,0.8962055210634745,0.1354155032303502,0.23920998216687572,0.4686253905484916,FAIL
gaussian_width_sweep,sigma,9.125,9.124993972098137,0.05479448439039301,0.49999933976656163,0.9999986795331233,0.6666660797943174,0.4999993397711789,1.0000013204686204,0.8995044940049609,0.1321164535292206,0.23261195952425973,0.46642579302991866,FAIL
gaussian_width_sweep,sigma,9.4125,9.412485128103011,0.05312076608739355,0.4999984207910306,0.9999968415820611,0.6666652629260216,0.49999842079578993,1.0000031584279145,0.902701063980008,0.1289197121177955,0.22621864813778747,0.4642941106198663,FAIL
gaussian_width_sweep,sigma,9.7,9.69996609897344,0.051546211773370924,0.49999650673220364,0.9999930134644073,0.6666635615347065,0.49999650673710516,1.0000069865844048,0.9058013364508577,0.12581908669947406,0.22001775024861636,0.46222593950680935,FAIL
gaussian_width_sweep,sigma,9.987499999999999,9.987427954981037,0.05006221742235151,0.49999278977233214,0.9999855795446643,0.6666602575468629,0.499992789777376,1.0000144206632882,0.9088108401618599,0.12280890603132105,0.21399806586946113,0.46021703773123335,FAIL
gaussian_width_sweep,sigma,10.274999999999999,10.27485615308513,0.04866111981866278,0.4999860063848,0.9999720127696,0.6666542277838834,0.4999860063899863,1.000027988013707,0.9117345729975991,0.11988395364471932,0.20814938064712019,0.45826320494032996,FAIL
gaussian_width_sweep,sigma,10.5625,10.562228348188563,0.047336061647256844,0.49997429222225764,0.9999485844445153,0.6666438149194178,0.49997429222758627,1.00005141819918,0.9145770374549234,0.11703941250744494,0.20246237505252163,0.45636016073317526,FAIL
gaussian_width_sweep,sigma,10.85,10.849511943597864,0.046080877987990265,0.4999550361021763,0.9999100722043526,0.6666266975618311,0.4999550361076475,1.0000899358833832,0.9173422684369392,0.11427082511009465,0.19692855667315545,0.4545034301142114,FAIL
gaussian_width_sweep,sigma,11.1375,11.136661543079674,0.044890001008323806,0.4999247478982075,0.999849495796415,0.6665997725560847,0.4999247479038215,1.00015052685851,0.9200338561204573,0.11157407665207394,0.19154022053161668,0.4526882469971743,FAIL
gaussian_width_sweep,sigma,11.424999999999999,11.42361650071787,0.0437583802938889,0.4998789551699569,0.9997579103399138,0.6665590625814835,0.4998789551757138,1.0002421482816815,0.922654966510944,0.10894520167705843,0.18629023516611443,0.4509094176411039,FAIL
gaussian_width_sweep,sigma,11.712499999999999,11.710298773560439,0.0426814166677569,0.4998121412582557,0.9996242825165114,0.6664996602053419,0.49981214126415574,1.0003758587001736,0.9252083619644569,0.10638052863057496,0.18117216666611813,0.449161322711872,FAIL
gaussian_width_sweep,sigma,12.0,11.996611265250042,0.04165490760237343,0.49971773379558265,0.9994354675911653,0.6664157161533237,0.49971773380162604,1.0005648512856917,0.9276964234570374,0.10387665929439006,0.17618023583735265,0.44743789526410077,FAIL
boundary_softness_sweep,softness,0.05,3.507939598800271,0.3371570491545718,1.182726563743972,2.365453127487944,0.9162851789229334,0.8455039657135237,0.4227519828566532,0.7978610018603798,0.25065148424521916,0.45279048238483943,0.738193209007099,PASS
boundary_softness_sweep,softness,0.17375000000000002,3.4802550927008964,0.2163447349331606,0.7529348655301576,1.5058697310603153,0.859056295058412,0.7529348655312341,0.6640680660311025,0.7973146795189021,0.24823900626166118,0.45092432674275906,0.6876384957774685,PASS
boundary_softness_sweep,softness,0.2975,3.4506872579192094,0.18923173968777432,0.6529795529344876,1.3059591058689752,0.7900636783749058,0.6529795529358744,0.7657207607083589,0.7967026481805016,0.24657086300455036,0.4498682148240487,0.630970482044943,PASS
boundary_softness_sweep,softness,0.42124999999999996,3.419778149037388,0.17734673724411312,0.6064864968304932,1.2129729936609863,0.7550471143424933,0.6064864968320165,0.8244206633008434,0.7960403344758765,0.2453477373809738,0.4493074029050973,0.6036136713598691,PASS
boundary_softness_sweep,softness,0.545,3.3882181999606256,0.17091925414615952,0.5791117276217133,1.1582234552434265,0.7334651722135814,0.5791117276233103,0.8633912527611761,0.7953462944903128,0.24444440210200097,0.4490981076116882,0.5872250024828599,PASS
boundary_softness_sweep,softness,0.6687500000000001,3.3567820392684338,0.16707653258737432,0.5608395037725453,1.1216790075450906,0.7186382743614278,0.5608395037741866,0.8915206518740173,0.7946407333889739,0.24378984414376834,0.44914911075479447,0.5762089629634696,PASS
boundary_softness_sweep,softness,0.7925,3.326243776842902,0.16465050838421094,0.5476677288670017,1.0953354577340033,0.7077329566967507,0.547667728868671,0.9129623193873132,0.7939436488500252,0.24332311704948753,0.4493794681994623,0.5682600512549613,PASS
boundary_softness_sweep,softness,0.91625,3.2972924807970245,0.1630706767637335,0.5376917163315406,1.0753834326630811,0.6993491746380858,0.537691716333228,0.9299008796551743,0.7932730258551884,0.24299628538671433,0.4497232595315259,0.5622547168342799,PASS
boundary_softness_sweep,softness,1.04,3.2704723780504317,0.16202359808907074,0.5298937021426505,1.059787404285301,0.6927196332675021,0.5298937021443502,0.9435854738001718,0.792643568210209,0.24277240980587858,0.45012884159566957,0.5575807256691739,PASS
boundary_softness_sweep,softness,1.16375,3.2461592903863297,0.1613228613564253,0.5236797051438657,1.0473594102877315,0.687388174006076,0.5236797051455734,0.9547820835688859,0.792066181518089,0.2426211138334102,0.4505549323153212,0.5538742704889902,PASS
boundary_softness_sweep,softness,1.2875,3.2245676906727434,0.16085132008862488,0.5186759697598394,1.0373519395196789,0.683063379007016,0.5186759697615524,0.9639929920630661,0.7915480798704615,0.24252040015105522,0.45097232028059375,0.550903889683054,PASS
boundary_softness_sweep,softness,1.4112500000000001,3.205775451436003,0.1605323402790667,0.5146306356282031,1.0292612712564062,0.6795460537022299,0.5146306356299197,0.9715706088691287,0.7910932535429656,0.24245483858182157,0.45136158503885604,0.5485127581236685,PASS
boundary_softness_sweep,softness,1.535,3.1897547883887367,0.16031421189238756,0.5113630250305098,1.0227260500610196,0.676691194057508,0.5113630250322287,0.9777789467084919,0.7907030731166745,0.2424145361260477,0.45171146300937315,0.5465885606997033,PASS
boundary_softness_sweep,softness,1.65875,3.1764022253713398,0.16016116137803205,0.5087362694192392,1.0174725388384784,0.6743872732849345,0.50873626942096,0.9828275081915974,0.7903768930971963,0.24239394327982333,0.45201705018262706,0.5450468642961739,PASS
boundary_softness_sweep,softness,1.7825,3.1655642040202787,0.16004794306917963,0.5066420395068705,1.013284079013741,0.6725446738142536,0.5066420395085923,0.9868900742754483,0.7901125897854487,0.2423781458995965,0.45226555611414776,0.5438174231456646,PASS
boundary_softness_sweep,softness,1.90625,3.157057365198706,0.15995648172067714,0.5049917887275359,1.0099835774550718,0.6710890949845378,0.5049917887292588,0.9901151091186768,0.7899070113212112,0.24235880060830062,0.4524517892870894,0.5428442243336287,PASS
boundary_softness_sweep,softness,2.03,3.1506837656838043,0.15987373359652818,0.5037115770018388,1.0074231540036775,0.6699577029350079,0.5037115770035624,0.9926315431860221,0.7897563395109595,0.24233151477684184,0.4525751752658824,0.5420814850681509,PASS
boundary_softness_sweep,softness,2.1537499999999996,3.146241796900274,0.1597902877229296,0.5027388819726019,1.0054777639452037,0.6690967912047341,0.5027388819743261,0.9945520784828592,0.7896563722790767,0.24229467794376788,0.4526383056646912,0.5414913262812505,PASS
boundary_softness_sweep,softness,2.2775,3.143533685155277,0.1596994235959481,0.5020205175737443,1.0040410351474887,0.6684602662889046,0.5020205175754695,0.9959752290932062,0.7896027385319776,0.24224717225803205,0.45264443372605445,0.5410417391968095,PASS
boundary_softness_sweep,softness,2.4012499999999997,3.1423703864260495,0.15959645446467605,0.5015111722883915,1.003022344576783,0.6680085790166808,0.5015111722901177,0.9969867624653385,0.7895910573240048,0.24218535800251553,0.4525943006785107,0.540704683995103,PASS
boundary_softness_sweep,softness,2.525,3.1425745575855504,0.15947825271056282,0.5011722994564135,1.002344598912827,0.6677078968730243,0.5011722994581407,0.997660885372785,0.789617052154364,0.24210889068100958,0.45249183852664565,0.5404573449526036,PASS
boundary_softness_sweep,softness,2.6487499999999997,3.1439821454495056,0.15934289458033196,0.5009712155648065,1.001942431129613,0.6675294107847669,0.5009712155665348,0.9980613345944207,0.7896766297834589,0.2420176864579406,0.45234105667448177,0.5402805610085945,PASS
boundary_softness_sweep,softness,2.7725,3.146443008670749,0.15918938613009076,0.5008803310436124,1.0017606620872248,0.6674487241710507,0.5008803310453421,0.9982424323954223,0.7897659314743395,0.2419106397321186,0.4521447082577791,0.5401579211580573,PASS
boundary_softness_sweep,softness,2.8962499999999998,3.149820882813986,0.15901744697096773,0.5008764752009198,1.0017529504018396,0.6674453007660047,0.500876475202651,0.99825011705617,0.7898813631818323,0.24178727702824657,0.4519059138464142,0.5400758966050233,PASS
boundary_softness_sweep,softness,3.0199999999999996,3.1539929161380296,0.15882733712951874,0.5009402961955688,1.0018805923911376,0.6675019618913978,0.5009402961973017,0.9981229375981331,0.7900196099819408,0.24164824650118283,0.4516286365192421,0.5400236315359805,PASS
boundary_softness_sweep,softness,3.14375,3.158848940019791,0.15861971744759998,0.5010557263255899,1.0021114526511798,0.6676044300537021,0.5010557263273248,0.9978929961876059,0.7901776389720072,0.24149462925420725,0.45131699028220007,0.5399923822210756,PASS
boundary_softness_sweep,softness,3.2674999999999996,3.1642905901052396,0.15839553692959427,0.5012095070209821,1.0024190140419642,0.6677409178099589,0.5012095070227189,0.9975868234659574,0.7903526939745154,0.24132770929661662,0.45097501532210127,0.5399751467182597,PASS
boundary_softness_sweep,softness,3.39125,3.17023035882325,0.158155942202776,0.5013907693995358,1.0027815387990715,0.6679017609795124,0.5013907694012747,0.9972261766980646,0.7905422846322574,0.24114885392626115,0.4506065692940038,0.5399663665582636,PASS
boundary_softness_sweep,softness,3.5149999999999997,3.1765906339714567,0.1579022053265433,0.5015906665237353,1.0031813330474706,0.6680790946650961,0.5015906665254766,0.9968287557367058,0.7907441718736776,0.2409594419055183,0.4502152700318407,0.5399616770741378,PASS
boundary_softness_sweep,softness,3.63875,3.1833027593438,0.15763566687894678,0.5018020533467514,1.0036041066935029,0.6682665697907701,0.501802053348495,0.9964088362438283,0.79095635123683,0.24076081862566326,0.4498044673888333,0.5399576968426995,PASS
boundary_softness_sweep,softness,3.7624999999999997,3.1903061399859656,0.15735769173794273,0.5020192101255775,1.004038420251155,0.6684591072363708,0.5020192101273236,0.9959778229899362,0.7911770351508735,0.24055426827518217,0.44937723312430866,0.5399518501626678,PASS
boundary_softness_sweep,softness,3.88625,3.1975474052318233,0.15706963535305704,0.5022376049638763,1.0044752099277525,0.668652686239455,0.502237604965625,0.9955447283481745,0.7914046349686777,0.2403409972923825,0.4489363623237048,0.5399422178429283,PASS
boundary_softness_sweep,softness,4.01,3.2049796361288934,0.1567728186179515,0.5024536911690632,1.0049073823381265,0.6688441635478797,0.5024536911708146,0.9951165824588646,0.7916377433078577,0.24012212548636475,0.44848438217850695,0.539927412299067,PASS
boundary_softness_sweep,softness,4.13375,3.212561659409688,0.15646850972829454,0.5026647352580909,1.0053294705161817,0.6690311198025036,0.5026647352598451,0.994698782167954,0.7918751170771839,0.23989868240564668,0.44802356532846277,0.5399064734636038,PASS
boundary_softness_sweep,softness,4.257499999999999,3.2202574072194436,0.15615791165234397,0.5028686716943801,1.0057373433887602,0.6692117297622115,0.5028686716961372,0.9942953859409966,0.7921156614295022,0.23967160727869033,0.4475559458491881,0.5398787824358456,PASS
boundary_softness_sweep,softness,4.38125,3.2280353399360644,0.15584215405784593,0.5030639807504872,1.0061279615009744,0.6693846532067679,0.5030639807522472,0.9939093616960685,0.7923584147816282,0.23944175134408435,0.44708333656245625,0.5398439901738238,PASS
boundary_softness_sweep,softness,4.505,3.235867928297924,0.15552228873004914,0.5032495862370557,1.0064991724741115,0.6695489436287576,0.5032495862388188,0.9935427940212453,0.7926025349683413,0.23920988172842142,0.44660734676008007,0.5398019588758854,PASS
boundary_softness_sweep,softness,4.62875,3.2437311904591324,0.15519928768298874,0.5034247701943504,1.0068495403887008,0.669703972124805,0.5034247701961164,0.9931970566465607,0.7928472865453458,0.2389766862707109,0.44612939972536514,0.5397527140154289,PASS
boundary_softness_sweep,softness,4.7524999999999995,3.2516042793535154,0.15487404331098364,0.5035891019907761,1.0071782039815522,0.6698493641975135,0.5035891019925451,0.9928729553983838,0.7930920292198146,0.23874277886540937,0.4456507496455948,0.5396964052785511,PASS
boundary_softness_sweep,softness,4.87625,3.2594691157484434,0.15454737005108365,0.5037423796016531,1.0074847592033063,0.6699849474691761,0.5037423796034253,0.992570846223793,0.7933362073629728,0.23850870502200844,0.44517249765903566,0.5396332749105457,PASS
boundary_softness_sweep,softness,5.0,3.26731006252287,0.1542200071318502,0.503884581144243,1.007769162288486,0.6701107085777815,0.5038845811460182,0.9922907322636829,0.7935793405439406,0.2382749474310349,0.4446956068870942,0.5395636322036313,PASS
overlap_separation_sweep,separation_d,0.0,1.9999999999999998,0.25,0.49999999999999994,0.9999999999999999,0.6666666666673333,0.5000000000012499,1.0000000000000002,0.74308852779662,0.28853254609998563,0.5454440183033655,0.5707035616573163,PASS
overlap_separation_sweep,separation_d,0.5,2.0078276992041975,0.24902535230159117,0.5000000001552185,1.000000000310437,0.6666666668053063,0.5000000001564715,0.999999999689563,0.7434910613869337,0.2881300125240251,0.5446389511370915,0.5704352060329564,PASS
overlap_separation_sweep,separation_d,1.0,2.0314903312764745,0.24612474498684733,0.5000000397286682,1.0000000794573365,0.6666667019817079,0.5000000397299302,0.9999999205426698,0.744698418472529,0.2869226595150218,0.5422242410424928,0.5696303275847102,PASS
overlap_separation_sweep,separation_d,1.5,2.0715051589895883,0.241370877221409,0.5000010173939913,1.0000020347879826,0.6666675710169426,0.5000010173952684,0.9999979652161578,0.7467084336315063,0.28491274549745893,0.5382043118659526,0.5682909667593878,PASS
overlap_separation_sweep,separation_d,2.0,2.1286637530088584,0.23489390468670096,0.500010140709298,1.000020281418596,0.6666756805702305,0.5000101407105972,0.9999797189927317,0.7495128730703634,0.28210925890996225,0.5325963858395988,0.5664274023734756,PASS
overlap_separation_sweep,separation_d,2.5,2.2039288407342714,0.22689487981153816,0.5000601694315852,1.0001203388631703,0.666720148461232,0.500060169432914,0.9998796756165292,0.7530910403541758,0.2785364411588675,0.5254454008046916,0.5640752395662791,PASS
overlap_separation_sweep,separation_d,3.0,2.2982968619570996,0.2176640353303204,0.5002565693605946,1.0005131387211892,0.666894689318815,0.500256569361961,0.999487124455112,0.7574019145525679,0.27424773097697625,0.5168458164244083,0.5613323583683948,PASS
overlap_separation_sweep,separation_d,3.5,2.4126361612850933,0.20760213024032248,0.5008684065776197,1.0017368131552393,0.6674381369920002,0.5008684065790315,0.998266198134649,0.7623759609529327,0.269348577135154,0.5069726161822212,0.5584263865844176,PASS
overlap_separation_sweep,separation_d,4.0,2.547515912571974,0.1972402296695984,0.5024726236826528,1.0049452473653055,0.668860937314937,0.5024726236841175,0.9950790877629695,0.7679081661155044,0.26402475782147666,0.4961165917059722,0.5558167175683423,PASS
overlap_separation_sweep,separation_d,4.5,2.7030455052108002,0.18724795573151087,0.5061397450999714,1.0122794901999428,0.6721019702815736,0.5061397451014935,0.9878694665664742,0.7738542227658677,0.2585492276073488,0.4846950048414811,0.5543122400748494,PASS
overlap_separation_sweep,separation_d,5.0,2.8787469659213194,0.17841244761967648,0.51360429226774,1.02720858453548,0.6786506815448028,0.5136042922693187,0.9735121133671365,0.7800319146466823,0.25325781332389175,0.47322589867720943,0.5551602908304436,PASS
overlap_separation_sweep,separation_d,5.5,3.07348288197362,0.17156435681075666,0.5273001138146749,1.0546002276293498,0.6904996719973351,0.5273001138162994,0.9482266111850872,0.7862293402025442,0.24849254505512472,0.46226320485258054,0.5600209968887383,PASS
overlap_separation_sweep,separation_d,6.0,3.285458093144494,0.16743631633627226,0.5501050005933074,1.1002100011866147,0.7097648228775957,0.5501050005949529,0.9089173875182603,0.7922204433806581,0.24455915370187878,0.45233871032122064,0.5707361779312564,PASS
overlap_separation_sweep,separation_d,6.5,3.512304213688988,0.16647920710526345,0.5847256206074186,1.1694512412148372,0.7379518738188393,0.5847256206090438,0.855101918538468,0.7977864386384041,0.24164178802933067,0.4438553493909265,0.5888442812729365,PASS
overlap_separation_sweep,separation_d,7.0,3.751242040830463,0.16871836966959786,0.6329034413649708,1.2658068827299416,0.7751878345438985,0.6329034413665167,0.7900099246129229,0.8027396113576555,0.2397818683722813,0.43704225701462585,0.6150445109750137,PASS
overlap_separation_sweep,separation_d,7.5,3.9993005864831717,0.17374123993405396,0.6948434427645754,1.3896868855291509,0.8199500027349207,0.6948434427659698,0.7195865560890216,0.8069445065397282,0.23909458279098372,0.43215007625125557,0.648981173917382,PASS
overlap_separation_sweep,separation_d,8.0,4.25355771650581,0.1808293933365663,0.7691682613978159,1.5383365227956318,0.8695252771383967,0.7691682613989786,0.6500528234112856,0.8103315389136403,0.23926647260788764,0.4289349336942474,0.6892094907438743,PASS
overlap_separation_sweep,separation_d,8.5,4.511361658235146,0.1891545338553475,0.8533445115163566,1.7066890230327132,0.9208698180118209,0.8533445115172074,0.5859298246513843,0.8128998529913211,0.24019914771308287,0.42729929472176176,0.7338378747502633,PASS
overlap_separation_sweep,separation_d,9.0,4.770497934016167,0.19794453683625776,0.9442940040271548,1.8885880080543096,0.9713489853606898,0.9442940040276185,0.529496108063418,0.8147092403743945,0.24188516518373152,0.42717592480933697,0.7809396380658816,PASS
overlap_separation_sweep,separation_d,9.5,5.0292810072656104,0.20657805160983436,1.038939071479275,2.07787814295855,0.9809022878495673,0.9625203512426935,0.48126017562135176,0.8158638609132327,0.24363814972277056,0.42777428880953783,0.7903989759672663,PASS
overlap_separation_sweep,separation_d,10.0,5.28656852808223,0.21461472755372912,1.1345754643484867,2.2691509286969733,0.9369544592842823,0.8813869428902847,0.4406934714449494,0.8164922513992655,0.24540309330489318,0.42891084190562767,0.7490840813600649,PASS
overlap_separation_sweep,separation_d,10.5,5.541711994579776,0.22178508145800488,1.2290690461346783,2.4581380922693565,0.8972355537700702,0.8136239401242514,0.406811970061779,0.8167281656386643,0.24762128232712932,0.43089311668846497,0.7139175368609288,PASS
overlap_separation_sweep,separation_d,11.0,5.794466574883181,0.2279611701940167,1.3209133810604858,2.6418267621209717,0.8617297036250239,0.7570519114572012,0.378525955728133,0.8166955148280691,0.2496366786214134,0.43294116379334424,0.6839075929585231,PASS
overlap_separation_sweep,separation_d,11.5,6.044884031104084,0.23312158005189737,1.409192916561467,2.818385833122934,0.8301535282842121,0.709626047824355,0.3548130239116134,0.8164988614140511,0.2511595798099079,0.43466071839585674,0.6581467648348079,PASS
overlap_separation_sweep,separation_d,12.0,6.293208249001351,0.23731802453731013,1.4934917496549052,2.9869834993098103,0.8020880759993898,0.669571827385713,0.3347859136922135,0.8162193102843389,0.2522134670305248,0.4359941567461858,0.6358846867104295,PASS
overlap_separation_sweep,separation_d,12.5,6.5397859350077585,0.24064691704488528,1.5737793233931197,3.1475586467862393,0.7770673972796504,0.635413100895365,0.3177065504469735,0.815914638734268,0.25303979472793114,0.4371251559936632,0.6165352180562262,PASS
overlap_separation_sweep,separation_d,13.0,6.784998229303338,0.24322703423349612,1.6502949965929736,3.3005899931859473,0.7546329757904444,0.6059522703922764,0.30297613519537275,0.8156221482117268,0.2542607274009106,0.4386385791891838,0.5997412751239682,PASS
overlap_separation_sweep,separation_d,13.5,7.029213777739494,0.24518316919329433,1.7234449109633379,3.4468898219266757,0.7343640372348293,0.5802332256990146,0.2901166128486925,0.815362828187599,0.2553355466530634,0.4399727184654645,0.5848566604664361,PASS
overlap_separation_sweep,separation_d,14.0,7.272760610261972,0.24663506993437204,1.7937178217279077,3.5874356434558154,0.7158919145115716,0.5575012902752842,0.2787506451367833,0.8151457654472453,0.25614364061914785,0.4409978751719026,0.5714636933195861,PASS
overlap_separation_sweep,separation_d,14.5,7.5159127272584,0.2476907132571288,1.8616217841929652,3.7232435683859304,0.6989043803935571,0.5371660390388358,0.2685830195185194,0.8149721274819792,0.2565554599990815,0.44158333251710236,0.5592179173164984,PASS
overlap_separation_sweep,separation_d,15.0,7.7588870768340295,0.24844292198681292,1.9276405767343676,3.8552811534687352,0.6831439678408836,0.5187689095535193,0.2593844547758246,0.81483839001345,0.2565728107507754,0.4417344207373254,0.5478824327105761,PASS
overlap_separation_sweep,separation_d,15.5,8.001847097121734,0.24896840178887197,1.9922070831293228,3.9844141662586456,0.668402936173401,0.5019558501082519,0.25097792505315714,0.8147387248359044,0.25645573192165766,0.44171700708575323,0.5373585977891354,PASS
overlap_separation_sweep,separation_d,16.0,8.244909798878952,0.24932839763960607,2.055690148837576,4.111380297675152,0.6545166239330618,0.48645463450295734,0.2432273172504783,0.8146666147681754,0.2560928061755358,0.4414261914073605,0.5274658166144599,PASS
overlap_separation_sweep,separation_d,16.5,8.488154215023952,0.249570317559403,2.1183913429367127,4.236782685873425,0.6413563212753806,0.4720563097742222,0.2360281548860812,0.814615836296358,0.25564998316627263,0.4410341468699146,0.5181489259731724,PASS
overlap_separation_sweep,separation_d,17.0,8.731629802203932,0.24972982284410483,2.180548363644694,4.361096727289388,0.6288223826004704,0.458600238672604,0.2293001193352443,0.8145809711132853,0.2558681226963132,0.4412871515830279,0.5095699242853674,PASS
overlap_separation_sweep,separation_d,17.5,8.975363983672773,0.24983302672142355,2.2423423499674224,4.484684699934845,0.6168380091088714,0.4459622323145213,0.2229811161561767,0.8145575965543771,0.25647601100592005,0.4419184144515429,0.5015728852916452,PASS
overlap_separation_sweep,separation_d,18.0,9.219368462152351,0.24989856820222564,2.3039069784206276,4.607813956841255,0.6053439195069441,0.4340453019030432,0.21702265095041276,0.8145422781966972,0.25695135496934096,0.44240907677264374,0.493932766060877,PASS
overlap_separation_sweep,separation_d,18.5,9.463644222984533,0.24993942951332276,2.3653378382098067,4.730675676419613,0.5942939746779158,0.42277258827525527,0.21138629413649523,0.8145324566440016,0.2572412164232487,0.44270875977924706,0.4865917742441394,PASS
overlap_separation_sweep,separation_d,19.0,9.708185320805422,0.2499644419431818,2.4267011259961166,4.853402251992233,0.5836517182170391,0.41208206041241396,0.20604103020505218,0.8145262912974595,0.25767244506236336,0.44314615376490396,0.47962664413145234,PASS
overlap_separation_sweep,separation_d,19.5,9.952981628689624,0.24997947731492612,2.4880411452648943,4.976082290529789,0.5733877315980502,0.4019226136629606,0.20096130683030425,0.8145224998927861,0.2582303002459215,0.4437078003531354,0.47300604853804873,PASS
overlap_separation_sweep,separation_d,20.0,10.198020755816865,0.24998835398097735,2.5493864226105005,5.098772845221001,0.563477672440453,0.39225124568684555,0.19612562284222645,0.8145202147039898,0.2584601421978669,0.4439399274938771,0.4665562818737252,PASS
asymmetric_overlap_sweep,amplitude_ratio_r,0.1,2.2364620440287064,0.23659056377289397,0.5291258158534304,1.0582516317068609,0.6920631518585874,0.5291258158547202,0.9449548387533252,0.751998416255445,0.2822134234746476,0.5302150072192027,0.5838013249775034,PASS
asymmetric_overlap_sweep,amplitude_ratio_r,0.1225,2.3160942650220933,0.23364847284563608,0.541151887988948,1.082303775977896,0.7022693768303325,0.5411518879902445,0.9239550135510413,0.754534754835284,0.2806248505845512,0.5260900957492672,0.589837120189948,PASS
asymmetric_overlap_sweep,amplitude_ratio_r,0.14500000000000002,2.4015203715039233,0.2307508482661603,0.5541528628529947,1.1083057257059894,0.7131252994460484,0.5541528628542963,0.9022781140673086,0.7571639199872142,0.2789923934914546,0.5218284735042404,0.5963688786015284,PASS
asymmetric_overlap_sweep,amplitude_ratio_r,0.1675,2.4911241375312505,0.22790493159494546,0.5677394761585771,1.1354789523171542,0.7242778341592759,0.567739476159882,0.8806856331060259,0.7598530779765711,0.27732446413143785,0.5174713861548668,0.6031628988246749,PASS
asymmetric_overlap_sweep,amplitude_ratio_r,0.19,2.5834676388499913,0.22511753682637234,0.5815838713285542,1.1631677426571083,0.7354448687447717,0.5815838713298602,0.8597212279250691,0.7625739521083943,0.2756294796877008,0.5130555275793065,0.6100280892179795,PASS
asymmetric_overlap_sweep,amplitude_ratio_r,0.2125,2.6772965307467804,0.22239500695035336,0.5954173805635872,1.1908347611271743,0.746409545010388,0.5954173805648928,0.8397470687313987,0.7653020735037408,0.2739157717977047,0.508613698293964,0.6168135412897483,PASS
asymmetric_overlap_sweep,amplitude_ratio_r,0.23500000000000001,2.771533687588666,0.21974317760910825,0.609025619361423,1.218051238722846,0.7570117119746066,0.6090256193627263,0.8209835253306113,0.7680162609138719,0.2721915033772652,0.5041752424633934,0.6234041912669087,PASS
asymmetric_overlap_sweep,amplitude_ratio_r,0.2575,2.8652663951703894,0.2171673480576676,0.6222423045179065,1.244484609035813,0.7671385498768512,0.622242304519206,0.8035454940457384,0.7706982335173871,0.2704645940707402,0.4997663605533531,0.6297157383164701,PASS
asymmetric_overlap_sweep,amplitude_ratio_r,0.28,2.957730621307217,0.214672259487877,0.6349427154325025,1.269885430865005,0.7767155502631765,0.6349427154337971,0.7874726142175144,0.7733323046059878,0.2687426550134073,0.49541035040741943,0.6356895387014644,PASS
asymmetric_overlap_sweep,amplitude_ratio_r,0.3025,3.048294557085379,0.2122620806373188,0.6470373450823567,1.2940746901647133,0.7856984506328342,0.647037345083645,0.7727529234597095,0.7759051264320574,0.2670329332840029,0.49112780685194546,0.6412878675228081,PASS
asymmetric_overlap_sweep,amplitude_ratio_r,0.32499999999999996,3.1364426758453527,0.20994040047898974,0.6584660314463675,1.316932062892735,0.7940663468067068,0.6584660314476487,0.7593406130635386,0.7784054687029807,0.26534226614232964,0.48693679743934903,0.6464897252312348,PASS
asymmetric_overlap_sweep,amplitude_ratio_r,0.34750000000000003,3.221760940720562,0.2077102276763951,0.6691926985159848,1.3383853970319697,0.8018159905820126,0.6691926985172584,0.7471689411866119,0.7808240202291827,0.2636770448963779,0.48285302466719515,0.6512872379221554,PASS
asymmetric_overlap_sweep,amplitude_ratio_r,0.37,3.30392341682413,0.20557399639293483,0.6792007405727366,1.3584014811454732,0.8089571713046231,0.6792007405740023,0.7361593857780169,0.7831532074209726,0.26204318803046317,0.4788899806094906,0.655682630829372,PASS
asymmetric_overlap_sweep,amplitude_ratio_r,0.39249999999999996,3.3826803315968266,0.20353357796455387,0.6884890310002256,1.3769780620004513,0.8155090360199874,0.6884890310014831,0.7262279825629294,0.7853870258845318,0.26044612305297915,0.4750590971684474,0.6596857213966393,PASS
asymmetric_overlap_sweep,amplitude_ratio_r,0.41500000000000004,3.4578475162663223,0.20159029788069655,0.6970685108301546,1.3941370216603093,0.8214971951716872,0.6970685108314038,0.7172896096031346,0.7875208829407766,0.2588907763898726,0.47136989344909597,0.6633118664840623,PASS
asymmetric_overlap_sweep,amplitude_ratio_r,0.4375,3.529297111508026,0.19974495747041698,0.7049593014386362,1.4099186028772723,0.8269514713274593,0.7049593014398773,0.7092608026869519,0.7895514498541591,0.25738157055649385,0.46783012070233476,0.6665802978232238,PASS
asymmetric_overlap_sweep,amplitude_ratio_r,0.45999999999999996,3.5969494046421318,0.19799785965758732,0.712188283415775,1.42437656683155,0.8319041665153721,0.7121882834170083,0.7020615357527588,0.7914765231342199,0.2559224277833036,0.46444590464908364,0.6695127848604882,PASS
asymmetric_overlap_sweep,amplitude_ratio_r,0.48250000000000004,3.6607656677625093,0.19634883813085457,0.7187870855344907,1.4375741710689813,0.8363887436487032,0.7187870855357166,0.6956162820151388,0.7932948945991073,0.25451677924631244,0.46122188464720515,0.6721325712772083,PASS
asymmetric_overlap_sweep,amplitude_ratio_r,0.505,3.7207418765427476,0.1947972892694909,0.724790431622006,1.449580863244012,0.8404388363180069,0.7247904316232248,0.6898545816630771,0.7950062300563204,0.2531675790567574,0.45816134900043703,0.6744635389805561,PASS
asymmetric_overlap_sweep,amplitude_ratio_r,0.5275,3.776903202798391,0.19334220617458275,0.7302347977368884,1.4604695954737767,0.8440875177084946,0.7302347977381007,0.684711275810983,0.7966109565200923,0.2518773221917881,0.45526636567169576,0.6765295603727637,PASS
asymmetric_overlap_sweep,amplitude_ratio_r,0.5499999999999999,3.8292991874354647,0.19198221417496625,0.7351573367422596,1.4703146734845192,0.8473667732321185,0.7351573367434658,0.6801265185159896,0.798110157886448,0.25064806559422276,0.4525379077077747,0.678354005894453,PASS
asymmetric_overlap_sweep,amplitude_ratio_r,0.5725,3.877999512884805,0.19071560720766031,0.7395950318508365,1.479190063701673,0.8503071327633611,0.7395950318520371,0.6760456445316433,0.7995054789525096,0.24948145173039102,0.4499759727778815,0.6799593791310933,PASS
asymmetric_overlap_sweep,amplitude_ratio_r,0.595,3.9230903050226686,0.18954038451185395,0.743584044888723,1.487168089777446,0.8529374274431105,0.7435840448899187,0.6724189463678242,0.8007990376140217,0.2483787339667544,0.44757969635273265,0.6813670562285873,PASS
asymmetric_overlap_sweep,amplitude_ratio_r,0.6174999999999999,3.964670903847614,0.1884542871222198,0.7471592288588089,1.4943184577176178,0.8552846432287975,0.7471592288599999,0.6692013973563395,0.8019933450162192,0.24734080320505294,0.4453474581888337,0.6825971100925438,PASS
asymmetric_overlap_sweep,amplitude_ratio_r,0.64,4.002851049958271,0.1874548336998381,0.75035377789515,1.5007075557903,0.8573738490716594,0.7503537778963367,0.66635234569295,0.8030912333757676,0.24636821529954234,0.44327698192377474,0.6836682029639235,PASS
asymmetric_overlap_sweep,amplitude_ratio_r,0.6625,4.037748440369527,0.18653935529562782,0.7531989909124583,1.5063979818249167,0.8592281821025278,0.7531989909136414,0.663835196319472,0.8040957911403214,0.24546121886659358,0.4413654277262722,0.6845975335808138,PASS
asymmetric_overlap_sweep,amplitude_ratio_r,0.6849999999999999,4.069486612640595,0.18570502870023833,0.7557241281956573,1.5114482563913145,0.8608688757643235,0.7557241281968371,0.6616170919324542,0.8050103051098491,0.24461978318535005,0.439609478075501,0.6854008273455539,PASS
asymmetric_overlap_sweep,amplitude_ratio_r,0.7074999999999999,4.098193120873094,0.1849489080942183,0.7579563428647155,1.515912685729431,0.8623153196511795,0.7579563428658924,0.6596686005822409,0.8058382091114802,0.2438436259772433,0.4380054168657631,0.6860923597942783,PASS
asymmetric_overlap_sweep,amplitude_ratio_r,0.73,4.123997971045358,0.18426795477144717,0.759920671606126,1.519841343212252,0.8635851420655213,0.7599206716073003,0.6579634147117328,0.8065830387973295,0.24313224093991123,0.43654920214258175,0.6866850052718011,PASS
asymmetric_overlap_sweep,amplitude_ratio_r,0.7525,4.1470322865219895,0.183659064765917,0.761640071296691,1.523280142593382,0.86469430811307,0.7616400712978632,0.6564780646962952,0.8072483921220942,0.24248492499148258,0.43523653286938835,0.6871903040934405,PASS
asymmetric_overlap_sweep,amplitude_ratio_r,0.7749999999999999,4.167427177526043,0.18311909426583162,0.76313549016738,1.52627098033476,0.8656572276193215,0.7631354901685502,0.6551916487206407,0.8078378950532509,0.24190080523850818,0.43406291018525733,0.6876185426577096,PASS
asymmetric_overlap_sweep,amplitude_ratio_r,0.7975,4.185312790969628,0.18264488274868412,0.7644259639732156,1.5288519279464312,0.8664868683435478,0.7644259639743843,0.6540855799836742,0.8083551720702746,0.24137886567739147,0.4330236936071168,0.6879788419750165,PASS
asymmetric_overlap_sweep,amplitude_ratio_r,0.82,4.200817519371033,0.18223327381578097,0.7655287292576712,1.5310574585153425,0.86719487094376,0.7655287292588385,0.6531433516346893,0.8088038210192652,0.2409179734922673,0.4321141524730021,0.6882792508918669,PASS
asymmetric_overlap_sweep,amplitude_ratio_r,0.8424999999999999,4.214067349689531,0.18188113374410936,0.766459347235566,1.532918694471132,0.8677916629504369,0.766459347236732,0.6523503194310036,0.8091873919044013,0.240516904351975,0.4313295124475738,0.6885268408782474,PASS
asymmetric_overlap_sweep,amplitude_ratio_r,0.865,4.225185334817848,0.1815853678072473,0.7672318330766862,1.5344636661533724,0.8682865696701995,0.7672318330778514,0.651693501812801,0.8095093692166928,0.24017436501299774,0.4306649957963049,0.6887277995147851,PASS
asymmetric_overlap_sweep,amplitude_ratio_r,0.8875,4.234291172212308,0.18134293444513927,0.7678587864641285,1.535717572928257,0.8686879204874656,0.7678587864652929,0.651161396879266,0.8097731574223899,0.23988900927367393,0.4301158518512841,0.6888875196013475,PASS
asymmetric_overlap_sweep,amplitude_ratio_r,0.9099999999999999,4.2415008757309955,0.1811508573851351,0.7683515202384712,1.5367030404769424,0.8690031494815412,0.7683515202396348,0.6507438155973406,0.8099820692572958,0.23965943929347577,0.42967737003618,0.6890106799191186,PASS
asymmetric_overlap_sweep,amplitude_ratio_r,0.9325,4.246926528205409,0.18100623583399514,0.7687201847339985,1.537440369467997,0.8692388896437996,0.7687201847351618,0.6504317304651183,0.8101393164982434,0.23948417872726416,0.4293448622290207,0.6891013122026607,PASS
asymmetric_overlap_sweep,amplitude_ratio_r,0.955,4.250676103602321,0.18090625287298961,0.7689738860794556,1.5379477721589112,0.8694010602769249,0.7689738860806186,0.650217138775941,0.8102480029084824,0.2393616008581535,0.4291135979496711,0.6891628481024048,PASS
asymmetric_overlap_sweep,amplitude_ratio_r,0.9774999999999999,4.252853348849119,0.18084818219623738,0.7691207972865438,1.5382415945730876,0.869494947396008,0.7691207972877065,0.6500929395798407,0.8103111190791213,0.2392898051458797,0.4289786860667584,0.689198143583491,PASS
asymmetric_overlap_sweep,amplitude_ratio_r,1.0,4.25355771650581,0.1808293933365663,0.7691682613978159,1.5383365227956318,0.8695252771383967,0.7691682613989786,0.6500528234112856,0.8103315389136403,0.23926647260788764,0.4289349336942474,0.6892094907438743,PASS
selector_phase_sweep,k0,0.0,4.0,0.125,0.5,1.0,0.6666666666676666,0.5000000000021251,1.0,0.8145170987928347,0.21710397467434872,0.402586875881514,0.5230845141837684,PASS
selector_phase_sweep,k0,0.125,4.0,0.125,0.5,1.0,0.6666666666676666,0.5000000000021251,1.0,0.8145170987928347,0.21710397467434872,0.402586875881514,0.5230845141837684,PASS
selector_phase_sweep,k0,0.25,4.0,0.125,0.5,1.0,0.6666666666676666,0.5000000000021251,1.0,0.8145170987928347,0.21710397467434878,0.4025868758815141,0.5230845141837686,PASS
selector_phase_sweep,k0,0.375,4.0,0.125,0.5,1.0,0.6666666666676666,0.5000000000021251,1.0,0.8145170987928347,0.21710397467434878,0.4025868758815141,0.5230845141837686,PASS
selector_phase_sweep,k0,0.5,4.0,0.125,0.5,1.0,0.6666666666676666,0.5000000000021251,1.0,0.8145170987928347,0.21710397467434878,0.4025868758815141,0.5230845141837686,PASS
selector_phase_sweep,k0,0.625,4.0,0.12499999999999997,0.4999999999999999,0.9999999999999998,0.6666666666676666,0.500000000002125,1.0000000000000002,0.8145170987928347,0.21710397467434878,0.4025868758815141,0.5230845141837686,PASS
selector_phase_sweep,k0,0.75,3.9999999999999996,0.12500000000000003,0.5,1.0,0.6666666666676666,0.5000000000021251,1.0,0.8145170987928347,0.21710397467434872,0.402586875881514,0.5230845141837684,PASS
selector_phase_sweep,k0,0.875,4.0,0.12500000000000003,0.5000000000000001,1.0000000000000002,0.6666666666676667,0.5000000000021252,0.9999999999999998,0.8145170987928347,0.21710397467434872,0.402586875881514,0.5230845141837687,PASS
selector_phase_sweep,k0,1.0,4.0,0.12499999999999999,0.49999999999999994,0.9999999999999999,0.6666666666676666,0.500000000002125,1.0000000000000002,0.8145170987928347,0.21710397467434867,0.4025868758815139,0.5230845141837684,PASS
selector_phase_sweep,k0,1.125,3.9999999999999996,0.12499999999999994,0.4999999999999997,0.9999999999999994,0.6666666666676664,0.5000000000021247,1.0000000000000007,0.8145170987928347,0.21710397467434867,0.4025868758815139,0.5230845141837683,PASS
selector_phase_sweep,k0,1.25,4.0,0.12499999999999996,0.49999999999999983,0.9999999999999997,0.6666666666676665,0.5000000000021249,1.0000000000000004,0.8145170987928347,0.21710397467434864,0.4025868758815139,0.5230845141837684,PASS
selector_phase_sweep,k0,1.375,4.0,0.125,0.5,1.0,0.6666666666676666,0.5000000000021251,1.0,0.8145170987928347,0.21710397467434864,0.4025868758815139,0.5230845141837684,PASS
selector_phase_sweep,k0,1.5,4.0,0.12500000000000006,0.5000000000000002,1.0000000000000004,0.6666666666676668,0.5000000000021253,0.9999999999999996,0.8145170987928347,0.21710397467434864,0.4025868758815139,0.5230845141837687,PASS
selector_phase_sweep,k0,1.625,3.9999999999999996,0.12500000000000006,0.5000000000000001,1.0000000000000002,0.6666666666676668,0.5000000000021252,0.9999999999999998,0.8145170987928347,0.21710397467434864,0.4025868758815139,0.5230845141837687,PASS
selector_phase_sweep,k0,1.75,4.0,0.12499999999999997,0.4999999999999999,0.9999999999999998,0.6666666666676666,0.500000000002125,1.0000000000000002,0.8145170987928347,0.21710397467434853,0.40258687588151376,0.5230845141837684,PASS
selector_phase_sweep,k0,1.875,4.0,0.125,0.5,1.0,0.6666666666676666,0.5000000000021251,1.0,0.8145170987928347,0.21710397467434858,0.4025868758815139,0.5230845141837684,PASS
selector_phase_sweep,k0,2.0,4.0,0.12500000000000006,0.5000000000000002,1.0000000000000004,0.6666666666676668,0.5000000000021253,0.9999999999999996,0.8145170987928347,0.21710397467434858,0.4025868758815139,0.5230845141837687,PASS
selector_phase_sweep,k0,2.125,4.0,0.12499999999999997,0.4999999999999999,0.9999999999999998,0.6666666666676666,0.500000000002125,1.0000000000000002,0.8145170987928346,0.21710397467434853,0.4025868758815139,0.5230845141837684,PASS
selector_phase_sweep,k0,2.25,4.0,0.12499999999999992,0.49999999999999967,0.9999999999999993,0.6666666666676664,0.5000000000021247,1.0000000000000007,0.8145170987928347,0.21710397467434844,0.40258687588151365,0.5230845141837682,PASS
selector_phase_sweep,k0,2.375,4.0,0.12499999999999992,0.49999999999999967,0.9999999999999993,0.6666666666676664,0.5000000000021247,1.0000000000000007,0.8145170987928347,0.2171039746743485,0.40258687588151376,0.5230845141837683,PASS
selector_phase_sweep,k0,2.5,4.0,0.12499999999999996,0.49999999999999983,0.9999999999999997,0.6666666666676665,0.5000000000021249,1.0000000000000004,0.8145170987928347,0.21710397467434844,0.40258687588151365,0.5230845141837683,PASS
selector_phase_sweep,k0,2.625,3.9999999999999996,0.12499999999999997,0.49999999999999983,0.9999999999999997,0.6666666666676664,0.5000000000021249,1.0000000000000004,0.8145170987928347,0.2171039746743484,0.40258687588151365,0.5230845141837682,PASS
selector_phase_sweep,k0,2.75,4.0,0.12500000000000006,0.5000000000000002,1.0000000000000004,0.6666666666676668,0.5000000000021253,0.9999999999999996,0.8145170987928346,0.21710397467434836,0.40258687588151376,0.5230845141837687,PASS
selector_phase_sweep,k0,2.875,4.0,0.12500000000000003,0.5000000000000001,1.0000000000000002,0.6666666666676667,0.5000000000021252,0.9999999999999998,0.8145170987928347,0.21710397467434836,0.40258687588151365,0.5230845141837686,PASS
selector_phase_sweep,k0,3.0,4.0,0.12499999999999999,0.49999999999999994,0.9999999999999999,0.6666666666676666,0.500000000002125,1.0000000000000002,0.8145170987928347,0.21710397467434836,0.40258687588151365,0.5230845141837684,PASS
selector_phase_sweep,k0,3.125,4.0,0.12500000000000008,0.5000000000000003,1.0000000000000007,0.666666666667667,0.5000000000021254,0.9999999999999993,0.8145170987928347,0.21710397467434828,0.40258687588151354,0.5230845141837687,PASS
selector_phase_sweep,k0,3.25,3.9999999999999996,0.12500000000000014,0.5000000000000004,1.0000000000000009,0.666666666667667,0.5000000000021255,0.9999999999999991,0.8145170987928347,0.21710397467434828,0.40258687588151354,0.5230845141837687,PASS
selector_phase_sweep,k0,3.375,4.0,0.12500000000000008,0.5000000000000003,1.0000000000000007,0.666666666667667,0.5000000000021254,0.9999999999999993,0.8145170987928347,0.21710397467434822,0.40258687588151343,0.5230845141837687,PASS
selector_phase_sweep,k0,3.5,3.9999999999999996,0.12499999999999989,0.4999999999999995,0.999999999999999,0.6666666666676662,0.5000000000021245,1.000000000000001,0.8145170987928346,0.21710397467434822,0.40258687588151365,0.5230845141837681,PASS
selector_phase_sweep,k0,3.625,4.0,0.12499999999999983,0.49999999999999933,0.9999999999999987,0.666666666667666,0.5000000000021244,1.0000000000000013,0.8145170987928347,0.21710397467434817,0.40258687588151343,0.523084514183768,PASS
selector_phase_sweep,k0,3.75,4.0,0.12499999999999997,0.4999999999999999,0.9999999999999998,0.6666666666676666,0.500000000002125,1.0000000000000002,0.8145170987928347,0.21710397467434817,0.40258687588151343,0.5230845141837683,PASS
selector_phase_sweep,k0,3.875,4.0,0.12500000000000006,0.5000000000000002,1.0000000000000004,0.6666666666676668,0.5000000000021253,0.9999999999999996,0.8145170987928346,0.21710397467434817,0.40258687588151354,0.5230845141837684,PASS
selector_phase_sweep,k0,4.0,4.0,0.1250000000000001,0.5000000000000004,1.0000000000000009,0.666666666667667,0.5000000000021255,0.9999999999999991,0.8145170987928347,0.21710397467434808,0.4025868758815133,0.5230845141837687,PASS
selector_phase_sweep,k0,4.125,4.0,0.1250000000000001,0.5000000000000004,1.0000000000000009,0.666666666667667,0.5000000000021255,0.9999999999999991,0.8145170987928347,0.21710397467434808,0.4025868758815133,0.5230845141837687,PASS
selector_phase_sweep,k0,4.25,3.9999999999999996,0.12499999999999996,0.4999999999999998,0.9999999999999996,0.6666666666676664,0.5000000000021247,1.0000000000000004,0.8145170987928347,0.21710397467434808,0.4025868758815133,0.5230845141837682,PASS
selector_phase_sweep,k0,4.375,3.9999999999999996,0.12499999999999982,0.4999999999999992,0.9999999999999984,0.6666666666676659,0.5000000000021242,1.0000000000000016,0.8145170987928347,0.21710397467434808,0.4025868758815133,0.5230845141837679,PASS
selector_phase_sweep,k0,4.5,3.9999999999999996,0.12499999999999994,0.4999999999999997,0.9999999999999994,0.6666666666676664,0.5000000000021247,1.0000000000000007,0.8145170987928347,0.21710397467434803,0.4025868758815133,0.5230845141837682,PASS
selector_phase_sweep,k0,4.625,3.9999999999999996,0.125,0.49999999999999994,0.9999999999999999,0.6666666666676666,0.500000000002125,1.0000000000000002,0.8145170987928346,0.21710397467434803,0.40258687588151343,0.5230845141837683,PASS
selector_phase_sweep,k0,4.75,4.0,0.12499999999999999,0.49999999999999994,0.9999999999999999,0.6666666666676666,0.500000000002125,1.0000000000000002,0.8145170987928347,0.217103974674348,0.4025868758815132,0.5230845141837682,PASS
selector_phase_sweep,k0,4.875,3.9999999999999996,0.12500000000000008,0.5000000000000002,1.0000000000000004,0.6666666666676668,0.5000000000021253,0.9999999999999996,0.8145170987928346,0.21710397467434794,0.4025868758815133,0.5230845141837684,PASS
selector_phase_sweep,k0,5.0,4.0,0.1250000000000001,0.5000000000000004,1.0000000000000009,0.666666666667667,0.5000000000021255,0.9999999999999991,0.8145170987928346,0.217103974674348,0.40258687588151343,0.5230845141837687,PASS
oscillatory_selector_sweep,beta,0.0,4.0,0.125,0.5,1.0,0.6666666666676666,0.5000000000021251,1.0,0.8145170987928347,0.21710397467434872,0.402586875881514,0.5230845141837684,PASS
oscillatory_selector_sweep,beta,0.125,3.9999999999999996,0.18221724671391562,0.7288689868556624,1.4577379737113247,0.8431743439179782,0.7288689868569292,0.6859943405700355,0.8145170987928347,0.2223633617651421,0.4078462629723074,0.6599631979157382,PASS
oscillatory_selector_sweep,beta,0.25,4.0,0.2931509849889643,1.1726039399558572,2.3452078799117144,0.9205543464312615,0.8528028654227308,0.42640143271122094,0.8145170987928347,0.23359292500565745,0.4190758262128227,0.7308110126889383,PASS
oscillatory_selector_sweep,beta,0.375,4.0,0.4169270020039478,1.667708008015791,3.335416016031582,0.7497072370706209,0.5996253511974997,0.2998126755983447,0.8145170987928346,0.248085661167077,0.43356856237424235,0.5943003835474543,PASS
oscillatory_selector_sweep,beta,0.5,3.9999999999999996,0.544862367942584,2.1794494717703357,4.358898943540671,0.629039718277872,0.45883146774200223,0.22941573387056188,0.8145170987928347,0.26429292384673775,0.449775825053903,0.5125490036912591,PASS
oscillatory_selector_sweep,beta,0.625,3.9999999999999996,0.6745947857788406,2.698379143115362,5.396758286230724,0.5407774386042948,0.37059284369050405,0.18529642184483186,0.8145170987928347,0.28108882396082135,0.4665717251679866,0.4593140024875952,PASS
oscillatory_selector_sweep,beta,0.75,4.0,0.8052561704203204,3.2210246816812815,6.442049363362563,0.4738185987590816,0.3104602102833118,0.15523010514126656,0.8145170987928346,0.2976079667448238,0.4830908679519892,0.4224565589981275,PASS
oscillatory_selector_sweep,beta,0.875,4.0,0.936457753985731,3.745831015942924,7.491662031885848,0.42142250604440257,0.266963457707116,0.13348172885319998,0.8145170987928347,0.3131859017409548,0.4986688029481201,0.3956849222332129,PASS
oscillatory_selector_sweep,beta,1.0,4.0,1.0680004681646913,4.272001872658765,8.54400374531753,0.3793625359608307,0.23408229439291978,0.11704114719613057,0.8145170987928347,0.3273321836024443,0.5128150848096096,0.37541997172112,PASS
oscillatory_selector_sweep,beta,1.125,4.0,1.1997721137782789,4.799088455113115,9.59817691022623,0.3448817888333444,0.20837290442885706,0.10418645221412468,0.8145170987928346,0.33971524238714157,0.5251981435943069,0.3594842789521695,PASS
oscillatory_selector_sweep,beta,1.25,4.0,1.331704734541407,5.326818938165628,10.653637876331256,0.31611462561977244,0.1877293017861358,0.09386465089278644,0.8145170987928346,0.35015108649190696,0.5356339876990723,0.34649263836832683,PASS
oscillatory_selector_sweep,beta,1.375,4.0,1.4637548035787957,5.855019214315183,11.710038428630366,0.291757023208024,0.1707936325056158,0.08539681625254601,0.8145170987928347,0.3585924276920671,0.5440753288992324,0.3355419948709574,PASS
oscillatory_selector_sweep,beta,1.5,4.0,1.5958931668504626,6.38357266740185,12.7671453348037,0.2708715807501152,0.15665208999808078,0.07832604499879577,0.8145170987928347,0.36511685644775205,0.5505997576549173,0.32604114280103774,PASS
oscillatory_selector_sweep,beta,1.625,3.9999999999999996,1.728099570337311,6.912398281349243,13.824796562698486,0.25276786239601523,0.14466758993059345,0.07233379496506734,0.8145170987928346,0.3699138330803704,0.5553967342875358,0.3176107288713815,PASS
oscillatory_selector_sweep,beta,1.75,3.9999999999999996,1.8603595082671518,7.441438033068606,14.882876066137213,0.23692645638903986,0.13438262813711088,0.0671913140683396,0.8145170987928347,0.373271109382403,0.5587540105895683,0.3100210317052397,PASS
oscillatory_selector_sweep,beta,1.875,4.0,1.9926623208662322,7.970649283464929,15.941298566929857,0.22294930241996502,0.12546029368996864,0.06273014684478057,0.8145170987928347,0.37556215322710723,0.5610450544342724,0.303151550181402,PASS
oscillatory_selector_sweep,beta,2.0,4.0,2.1249999999999996,8.499999999999998,16.999999999999996,0.210526315789759,0.11764705882391524,0.05882352941176472,0.8145170987928346,0.37723785397456533,0.5627207551817307,0.29696470993180163,PASS
oscillatory_selector_sweep,beta,2.125,4.0,2.257366413544774,9.029465654179097,18.058931308358193,0.19941241826471456,0.11074852469708195,0.05537426234835786,0.8145170987928347,0.37883019638130383,0.5643130975884691,0.29149134685008854,PASS
oscillatory_selector_sweep,beta,2.25,3.9999999999999996,2.3897567867881446,9.559027147152577,19.118054294305153,0.189411389148869,0.10461315619353685,0.05230657809659417,0.8145170987928347,0.3809915928365664,0.5664744940437316,0.2868330131287125,PASS
oscillatory_selector_sweep,beta,2.375,4.0,2.5221673467476333,10.088669386990533,20.177338773981067,0.1803642917110746,0.0991210992891556,0.04956054964441161,0.8145170987928347,0.38469511672932105,0.5701780179364864,0.28322113631223883,PASS
oscillatory_selector_sweep,beta,2.5,4.0,2.6545950726994123,10.61838029079765,21.2367605815953,0.17214103428745198,0.09417632186991991,0.047088160934801115,0.8145170987928347,0.3920609594908793,0.5775438606980445,0.28128707228513883,PASS
oscillatory_selector_sweep,beta,2.625,4.0,2.787037517687912,11.148150070751647,22.296300141503295,0.16463412028619562,0.08970098120826316,0.044850490603979484,0.8145170987928347,0.40095849330688843,0.5864413945140536,0.28025883200283747,PASS
oscillatory_selector_sweep,beta,2.75,4.0,2.919492678531665,11.67797071412666,23.35594142825332,0.157753953302193,0.08563131596089062,0.04281565798029942,0.8145170987928347,0.4092368902052667,0.594719791412432,0.2793683535585052,PASS
oscillatory_selector_sweep,beta,2.875,4.0,3.05195889962496,12.20783559849984,24.41567119699968,0.1514252645778006,0.08191460246452754,0.040957301232123614,0.8145170987928347,0.4159992305919252,0.6014821317990904,0.27827399961380617,PASS
oscillatory_selector_sweep,beta,3.0,3.9999999999999996,3.1844348007142482,12.737739202856991,25.475478405713982,0.1455843622061933,0.07850686719815572,0.039253433598943,0.8145170987928347,0.42082537663252784,0.6063082778396931,0.27679983574801403,PASS
oscillatory_selector_sweep,beta,3.125,3.9999999999999996,3.3169192219588335,13.267676887835332,26.535353775670664,0.14017698997011774,0.075371145111343,0.037685572555541544,0.8145170987928347,0.423623527654648,0.6091064288618133,0.274884854647758,PASS
oscillatory_selector_sweep,beta,3.25,4.0,3.4494111816366564,13.797644726546626,27.59528945309325,0.1351566439769324,0.07247613776280695,0.03623806888127809,0.8145170987928346,0.4245645629121318,0.6100474641192972,0.2725600819530122,PASS
oscillatory_selector_sweep,beta,3.375,4.0,3.5819098432260956,14.327639372904382,28.655278745808765,0.13048323693852915,0.06979516820437386,0.0348975841020658,0.8145170987928347,0.4240428864808403,0.6095257876880056,0.2699347309436362,PASS
oscillatory_selector_sweep,beta,3.5,4.0,3.7144144895259057,14.857657958103623,29.715315916207246,0.12612202919794857,0.06730535881384075,0.033652679406803235,0.8145170987928347,0.4226545972107953,0.6081374984179606,0.26718829547658335,PASS
oscillatory_selector_sweep,beta,3.625,4.0,3.8469245021185428,15.387698008474171,30.775396016948342,0.12204276640738876,0.06498697852354386,0.03249348926165854,0.8145170987928347,0.4212055384889082,0.6066884396960734,0.264572728209002,PASS
oscillatory_selector_sweep,beta,3.75,4.0,3.9794393449329006,15.917757379731603,31.835514759463205,0.1182189787400052,0.06282292009782851,0.03141146004880436,0.8145170987928347,0.4208181096286927,0.606301010835858,0.2624476365578972,PASS
oscillatory_selector_sweep,beta,3.875,4.0,4.111958550982729,16.447834203930917,32.895668407861834,0.11462740742644606,0.06079827821735422,0.03039913910857051,0.8145170987928346,0.4238492656975316,0.6093321669046969,0.2615859508494991,PASS
oscillatory_selector_sweep,beta,4.0,4.0,4.244481711587411,16.977926846349643,33.955853692699286,0.11124753243776697,0.05890000640558303,0.029450003202688025,0.8145170987928347,0.4308941063272369,0.6163770075344022,0.26217484879258407,PASS
oscillatory_selector_sweep,beta,4.125,3.9999999999999996,4.377008467549497,17.508033870197984,35.01606774039597,0.10806118110814233,0.05711663613500956,0.028558318067404213,0.8145170987928347,0.43854660941943574,0.624029510626601,0.2630691092899176,PASS
oscillatory_selector_sweep,beta,4.25,3.9999999999999996,4.509538501886861,18.03815400754744,36.07630801509488,0.10505220197348086,0.055438045355700634,0.02771902267775252,0.8145170987928346,0.4453841644696391,0.6308670656768045,0.26378577100199535,PASS
oscillatory_selector_sweep,beta,4.375,4.0,4.642071533809016,18.568286135236065,37.13657227047213,0.1022061914968514,0.05385526659382347,0.026927633296816564,0.8145170987928347,0.4506466185152682,0.6361295197224335,0.2640636592710361,PASS
oscillatory_selector_sweep,beta,4.5,4.0,4.774607313696069,19.098429254784275,38.19685850956855,0.09951026394398688,0.05236032694955969,0.02618016347468716,0.8145170987928347,0.45397247393546336,0.6394553751426286,0.2637753220120584,PASS
oscillatory_selector_sweep,beta,4.625,4.0,4.907145618890883,19.628582475563533,39.257164951127066,0.09695285666731224,0.0509461139768238,0.02547305698832157,0.8145170987928347,0.4553169981093476,0.6407998993165129,0.2628996233202163,PASS
oscillatory_selector_sweep,beta,4.75,4.0,5.039686250154864,20.158745000619454,40.31749000123891,0.09452356460388345,0.0496062626901041,0.024803131344963963,0.8145170987928347,0.4549152443830047,0.6403981455901699,0.2615093242947191,PASS
oscillatory_selector_sweep,beta,4.875,4.0,5.172229028668394,20.688916114673574,41.37783222934715,0.09221299900044622,0.04833505991617939,0.024167529958003742,0.8145170987928347,0.4532686472257277,0.638751548432893,0.2597665357831728,PASS
oscillatory_selector_sweep,beta,5.0,4.0,5.304773793480734,21.219095173922938,42.438190347845875,0.09001266632812444,0.04712736296279516,0.023563681481313662,0.8145170987928347,0.4511731555598511,0.6366560567670163,0.25793202868597864,PASS
